policy_id,application_receive_date,advisor_id,branch_name,sampling_frame_flag
2badc98a-1f9b-444c-98a8-93f44a057bdb,2024-03-28,ADV053,Pine Plaza,0
836af9c1-6593-431a-8a79-9f0e409a900b,2024-03-05,ADV067,Cedar Centre,1
29d9f576-a103-41df-ba03-36b871734f98,2024-03-07,ADV051,Cedar Centre,0
65c0bf17-038b-451b-b157-c7c1eadd44de,2024-03-21,ADV051,Cedar Centre,1
a43e5013-ea5a-4926-b10b-98bfb119fbd4,2024-03-17,ADV034,Cedar Centre,1
18577054-a297-416e-84b5-695fa0f05724,2024-03-17,ADV004,Birch Bureau,1
bd46cced-1bdb-41e0-8f04-26ca6a09c91b,2024-03-08,ADV007,Maple Branch,1
76cf93de-b361-465d-a690-b95c196277f8,2024-03-14,ADV035,Cedar Centre,0
45208c4b-788f-4499-beeb-ea5f863d9b60,2024-03-30,ADV001,Willow Way,1
ea4d24a9-f8f5-494c-9d6e-dd9c65c51131,2024-03-12,ADV067,Willow Way,1
5ab4a96d-4499-402f-83d3-6a6a395b4edd,2024-03-21,ADV053,Pine Plaza,1
fde2091c-b478-4487-b7d9-adab1d89d79b,2024-03-31,ADV045,Cedar Centre,1
2627eaf5-9e19-43df-9e65-bc7c44df6c77,2024-03-10,ADV031,Maple Branch,0
5da9fdc9-40e6-41d6-8c48-a5fe6fd15353,2024-03-13,ADV036,Birch Bureau,1
b7ecfc2c-1d99-4b4f-9ac6-4752d527f504,2024-03-08,ADV056,Oak Office,1
785c8573-596e-4abe-9a28-2d143d68207c,2024-03-05,ADV067,Cedar Centre,1
58aac17b-c947-436e-8851-1f4df6eb6b7f,2024-03-06,ADV039,Maple Branch,0
a1efad23-bbe3-4bf4-aa6f-64c347575cc5,2024-03-15,ADV047,Cedar Centre,0
42254431-ad0d-4ecf-8bc4-ccb4378ac2df,2024-03-25,ADV023,Cedar Centre,1
482e4df7-7d29-422b-9118-0afbc09e76f0,2024-03-30,ADV021,Maple Branch,0
02a6c2a9-bac2-4630-a27b-628d5e384d3b,2024-03-01,ADV015,Willow Way,1
e6b8678a-9fad-470b-bd2b-bc139d0cff17,2024-03-16,ADV026,Cedar Centre,1
a090e074-4674-49d4-b967-99267d7d2d9b,2024-03-20,ADV020,Pine Plaza,1
f7d12c93-3af9-41e7-a7e9-8d165f0b5d17,2024-03-13,ADV030,Pine Plaza,0
5065670a-3f3e-4ffa-b6f5-ad82cdc8d61c,2024-03-11,ADV010,Oak Office,1
a3c8af50-c77b-4a06-95de-dcdd02540345,2024-03-01,ADV011,Pine Plaza,1
c9488c13-58ff-4a93-9863-ae2adc51f0ae,2024-03-10,ADV013,Oak Office,0
b7477c04-78bf-4905-bb11-35cfd5a37d64,2024-03-07,ADV043,Birch Bureau,1
2cde0258-0f35-4ce5-9adf-3d25875cdfbe,2024-03-05,ADV025,Pine Plaza,1
9335fb2d-7730-4214-8e86-59f8661c2760,2024-03-29,ADV045,Willow Way,1
1eba8a3e-c28c-4515-b25c-e70d66d08d8e,2024-03-08,ADV004,Birch Bureau,1
de672f2b-7adc-468b-be37-ef0d24450912,2024-03-08,ADV004,Oak Office,0
d11b88e3-bb7e-4be9-95cb-7278dced2369,2024-03-10,ADV020,Pine Plaza,1
adb5521e-df38-4344-962b-c7c3d069828e,2024-03-19,ADV020,Cedar Centre,1
aa12f260-b054-4f9d-9f81-3beed31fa83b,2024-03-23,ADV038,Willow Way,1
344e6f14-d3fb-449c-8829-ddb1f8a6340b,2024-03-03,ADV011,Birch Bureau,1
d8378c6c-abdc-48ca-a7fa-567bd981c916,2024-03-06,ADV035,Cedar Centre,1
7c3510d4-9442-4eae-969b-71b5eaf15e87,2024-03-28,ADV004,Cedar Centre,1
fa70f4a1-0de1-41eb-8233-fac6d2f1e000,2024-03-05,ADV031,Pine Plaza,0
3280bb8c-e5a0-4280-9187-56313872073f,2024-03-09,ADV065,Cedar Centre,1
5836a6ad-9da5-4049-9b87-6b1feb17f9fa,2024-03-27,ADV049,Maple Branch,0
52dace81-239a-4a1c-959d-cf147fbdc13f,2024-03-26,ADV062,Birch Bureau,1
d9d5b1e6-daa6-4625-a808-552f99488563,2024-03-16,ADV008,Willow Way,1
b21e0dc8-d8ac-4b68-a351-2c9f52b20995,2024-03-28,ADV020,Pine Plaza,1
4eba4ca0-72f7-4bf9-820d-708a2a945f57,2024-03-25,ADV050,Maple Branch,0
3a5d22b3-4575-445a-ba8f-995dc1cccaba,2024-03-11,ADV053,Willow Way,1
026d4b6c-c322-42e6-9969-2b28061133e9,2024-03-17,ADV011,Oak Office,0
2a3a1e1f-1265-4ad9-b730-4c899ab79493,2024-03-04,ADV063,Oak Office,1
431a040e-d7a2-4c53-8fa8-43aadd3f80e8,2024-03-28,ADV066,Willow Way,0
f833a484-a2eb-4238-8c7a-a46bcc31ee7c,2024-03-13,ADV004,Oak Office,0
13c1b88c-03a4-4ac9-bd34-62a96c0623e3,2024-03-05,ADV073,Cedar Centre,1
98e69e54-d537-4bb5-b1e7-748229b8ec2d,2024-03-21,ADV035,Birch Bureau,1
d9f5e025-558c-4297-a004-a0aa5a3df4cb,2024-03-07,ADV005,Pine Plaza,1
92180f6d-f8d3-48cf-9776-9145cc5bca39,2024-03-07,ADV055,Cedar Centre,1
521e8d8b-82c6-48dc-8a69-8b95722de9b1,2024-03-07,ADV009,Cedar Centre,1
7739caa4-cd3b-4b37-961c-5f31f51d8001,2024-03-14,ADV034,Maple Branch,0
b0cda9b2-d7d3-49f8-848d-ae0399fedd5e,2024-03-09,ADV059,Oak Office,1
f2df7e8f-7a19-42d9-8433-ba0b07fd6e8e,2024-03-02,ADV046,Oak Office,1
28ec3b84-e759-43a4-b9c9-7c9540efa100,2024-03-12,ADV050,Cedar Centre,1
5ce7965f-e0c9-4d49-9270-d9fe624cd10a,2024-03-31,ADV027,Willow Way,1
3ae1bc1c-b521-4dbf-94d5-a62cc51d0974,2024-03-26,ADV017,Cedar Centre,1
b18a9aff-a356-457b-a866-b5e5229a9c9c,2024-03-08,ADV013,Willow Way,1
48c712da-838b-4604-87f0-271d21276628,2024-03-29,ADV059,Maple Branch,1
4b845f56-bd63-47b4-a34c-bffd334da9a2,2024-03-08,ADV020,Pine Plaza,1
08be9c86-3d40-4279-9aab-edeb14c3582c,2024-03-13,ADV065,Willow Way,0
1c4d6eeb-56dc-48e9-aa06-cd27fcac0aec,2024-03-14,ADV032,Willow Way,0
2b0111c9-9065-44c6-8850-cbbf71bc63a5,2024-03-07,ADV008,Pine Plaza,1
cb9d62be-1b15-4e25-aca7-5a3a9a63a6fa,2024-03-02,ADV021,Birch Bureau,1
c2a4505f-a074-4bd3-8912-691d2ba6e778,2024-03-28,ADV074,Birch Bureau,1
edbbe67e-718b-4e52-a073-3eeada9034f5,2024-03-11,ADV024,Cedar Centre,0
7f767b58-02e5-4d36-81a3-eb957889541c,2024-03-15,ADV012,Oak Office,1
137a7d9d-e0f6-4163-9db7-2559e932e3ca,2024-03-16,ADV066,Cedar Centre,0
8afa24fb-dc71-4d05-bb66-813e6b1eb356,2024-03-30,ADV042,Oak Office,1
dcf25a5c-770b-4d67-af1f-86b5e078c076,2024-03-01,ADV018,Birch Bureau,1
a4c77901-b8a9-45d9-b39c-41a58cc4029d,2024-03-27,ADV004,Oak Office,1
50ef5dcb-d139-4dc1-9c16-38b50c18d570,2024-03-17,ADV035,Oak Office,1
179ca354-cba7-4283-a037-841f29e0c8f7,2024-03-26,ADV016,Oak Office,0
93dc920a-6827-4420-b377-9bd205c51681,2024-03-26,ADV012,Cedar Centre,1
d9009a93-aef1-4325-8931-82e07700c51c,2024-03-09,ADV018,Willow Way,1
8d0148cf-5058-4ad5-ac19-cdae7c6f5df2,2024-03-31,ADV004,Maple Branch,1
615cc80f-6aec-4fcc-87f0-5f920f041884,2024-03-06,ADV063,Oak Office,1
567f1199-b3fd-4ee2-9f57-68151daac6bc,2024-03-21,ADV018,Pine Plaza,1
214a3bf9-8f50-47ef-b49d-c3f6f5de9a5b,2024-03-19,ADV045,Oak Office,1
74fcc2a0-6f19-474c-b665-6c1f69624a80,2024-03-03,ADV024,Willow Way,1
5a37ee27-c5ca-464f-9139-51b95a0aa26d,2024-03-31,ADV027,Cedar Centre,0
e8607877-1798-4d56-8ddd-7d5ef252c52e,2024-03-07,ADV055,Oak Office,1
85824c35-6c1e-4fa0-b801-d0a2318ca308,2024-03-26,ADV033,Maple Branch,1
01d4f4ed-852f-4396-9863-979e7913de6b,2024-03-28,ADV037,Oak Office,1
ea035d65-0e3c-4af5-a38e-907550377028,2024-03-24,ADV053,Maple Branch,1
5cc4bcc5-14aa-4625-87b2-d429a67b66e0,2024-03-08,ADV026,Willow Way,1
cd8f3a38-a171-4764-83ce-1ef0ed282dde,2024-03-28,ADV007,Birch Bureau,1
9443fd99-fe72-4f3f-87c5-256314ebf308,2024-03-19,ADV003,Cedar Centre,1
e2347a52-e196-4a5c-909d-50772cf41636,2024-03-12,ADV035,Cedar Centre,1
440a85b9-d133-4ca9-9ed9-bb5e218642dc,2024-03-07,ADV020,Willow Way,0
6d432dc1-e427-4d78-9857-4e9797b9953d,2024-03-02,ADV036,Birch Bureau,1
bfc8be9c-48a7-4925-aab0-ff819cae6871,2024-03-01,ADV075,Maple Branch,1
4c040cd1-7b3f-47b7-a628-245b49957cee,2024-03-09,ADV075,Cedar Centre,0
a171da69-1f84-477f-94d3-b97d4821cc03,2024-03-12,ADV046,Maple Branch,0
2b5fd8fc-eba3-4055-ba3f-5acb7febc2c1,2024-03-12,ADV053,Pine Plaza,1
e1598025-54ae-40bb-9125-b338519e8977,2024-03-17,ADV056,Pine Plaza,0
65e2ebde-afce-4718-bb22-4244ee0a73a7,2024-03-28,ADV030,Oak Office,0
c71b90e6-34c9-4953-9a29-d94ce2ebcf04,2024-03-31,ADV049,Pine Plaza,1
239369de-c679-4973-bf00-b0c2ee9932b3,2024-03-23,ADV049,Willow Way,0
6d06938e-66ce-480a-8934-d0df69cae2e0,2024-03-22,ADV050,Willow Way,0
fd7be017-9b37-46a6-95db-06996f8bbc30,2024-03-14,ADV030,Oak Office,1
5c1c7e85-1904-4f35-9ba5-ead032c2875a,2024-03-29,ADV058,Cedar Centre,0
3769196e-b2de-4f5a-ba77-221ad61729f2,2024-03-01,ADV028,Oak Office,1
28b08b85-3000-4030-a2dc-ef619149cb3f,2024-03-13,ADV003,Pine Plaza,1
ea25dcfa-99ed-43d0-ac25-89110bdc1702,2024-03-06,ADV060,Birch Bureau,0
e62dfcca-96db-4e47-8188-7e0fb17a88d3,2024-03-10,ADV010,Cedar Centre,1
39419c80-e6c3-4914-ade4-ffe08abf554e,2024-03-27,ADV063,Cedar Centre,1
37840ff1-15a8-4d21-adc2-14506e579211,2024-03-03,ADV055,Willow Way,1
276f1dc3-2fdf-422b-8d8a-ef704c381544,2024-03-26,ADV026,Pine Plaza,0
390727ec-848c-46d6-ae79-812f64d7cb2f,2024-03-27,ADV026,Pine Plaza,1
28e71978-82c4-4d4a-bb63-b8f964eb4946,2024-03-04,ADV061,Willow Way,1
2ce1e27c-b648-4aa1-bd10-71207af0ef5f,2024-03-20,ADV068,Cedar Centre,0
811c4678-51ae-4075-8bf0-a303d19509d0,2024-03-17,ADV011,Maple Branch,0
b56bfd7c-89e3-47bf-8969-b1daf0edc296,2024-03-27,ADV075,Willow Way,0
c01812e5-4c73-420d-a4b7-f96ebf634886,2024-03-05,ADV041,Birch Bureau,1
c5612098-ebfc-40dc-941c-fc73f12666bb,2024-03-25,ADV042,Willow Way,1
a620ab1d-f27c-4e80-87c1-505f9a400b60,2024-03-19,ADV004,Willow Way,0
be67866a-d412-4677-b63d-9f39857698f4,2024-03-10,ADV042,Pine Plaza,0
da3b8d0a-f2d8-44a4-ac1b-0788030f595a,2024-03-16,ADV062,Willow Way,1
77b14a04-a9bf-45c1-aa72-85873718a1e3,2024-03-21,ADV010,Willow Way,1
5bf3161e-f047-4869-a50f-b99717896bf4,2024-03-21,ADV009,Oak Office,1
43913dae-6738-4f82-af07-d73aba0dd652,2024-03-19,ADV074,Maple Branch,1
b8e8df05-13cb-4af0-a4a4-5ffb2e812505,2024-03-31,ADV049,Maple Branch,1
eb9dc732-d40b-4530-95c0-8c7729d8c470,2024-03-26,ADV010,Oak Office,1
e751856f-d785-4d76-85d0-2f8fb1baf2e3,2024-03-23,ADV016,Oak Office,0
28f3d2d4-9933-4fb3-b618-75f9c4c8c932,2024-03-06,ADV012,Maple Branch,1
bf4216b4-85b4-4a9b-8bd1-c04140827859,2024-03-18,ADV034,Oak Office,1
1c1aa0cd-68f9-4553-a9f6-33f272425168,2024-03-30,ADV046,Willow Way,1
d941c9b0-b584-41c2-adf7-d66f1dc54448,2024-03-16,ADV033,Cedar Centre,0
3a92d02a-15f1-42a9-9406-4838bb58891d,2024-03-29,ADV030,Pine Plaza,1
73f2d11d-2acb-4070-aa07-8f967b012ad0,2024-03-09,ADV006,Cedar Centre,0
37598bd8-7b47-4389-bea9-7d365003a891,2024-03-02,ADV038,Willow Way,1
7ec91315-6927-4d8f-967a-9a2f29187c51,2024-03-23,ADV059,Cedar Centre,1
55a16bee-d72e-416b-9f45-94891bf527c3,2024-03-28,ADV007,Birch Bureau,1
7c9dd167-2873-4d95-bd78-300ad1c57f75,2024-03-11,ADV072,Oak Office,0
2a3bc98f-a693-4794-b7cc-f72ea175e6e6,2024-03-30,ADV005,Maple Branch,1
86b0fb1c-dd67-4502-bf2b-052a5fda37c7,2024-03-04,ADV068,Cedar Centre,0
08e9643e-eea7-4813-aed5-1a9c95b8665d,2024-03-19,ADV023,Oak Office,0
eeaae617-da84-4a33-ac2b-0eef40edc248,2024-03-29,ADV029,Maple Branch,1
600b8035-38bf-48b6-bea0-114ffbaaca5b,2024-03-28,ADV055,Willow Way,1
fc2b5dd7-2992-426c-976d-d67891664ed5,2024-03-03,ADV026,Cedar Centre,1
45e61681-0690-4adb-8373-2bbe6d6f5dca,2024-03-27,ADV035,Pine Plaza,1
73e3ce56-76bd-4f4d-a9a7-800d6fb83371,2024-03-20,ADV001,Pine Plaza,0
ba816c6c-8864-4830-9bdb-ef2dd56bd6ed,2024-03-09,ADV008,Pine Plaza,1
03b1c166-dfcb-4282-8e0f-eb6a9a338ac7,2024-03-05,ADV070,Oak Office,1
d3b3fb29-0b9a-46b4-a832-a099a919f6e0,2024-03-16,ADV058,Birch Bureau,1
be6ae256-753a-4313-849a-99bfe0ed1991,2024-03-26,ADV044,Oak Office,0
45005280-1a7b-4711-ab94-d0881ee9f11e,2024-03-29,ADV014,Cedar Centre,1
2b002a53-49af-4da1-9a48-3c151043b29c,2024-03-19,ADV021,Cedar Centre,1
e4ed5bad-0a15-46a3-9fa2-b831bbd655d9,2024-03-10,ADV042,Oak Office,1
4963ad09-4292-44f5-a34c-237e65f68a4c,2024-03-12,ADV062,Oak Office,1
21f4df72-716e-403a-a64a-786078413689,2024-03-22,ADV009,Pine Plaza,1
0c983efd-41ad-472b-af8f-383f6d744947,2024-03-26,ADV017,Cedar Centre,0
f665abc3-9522-4f4a-b54a-06a5f51c8053,2024-03-24,ADV069,Pine Plaza,0
f92226d5-ab88-421c-8843-2427b5cd5cbf,2024-03-29,ADV066,Pine Plaza,1
295c66ba-d51d-467f-b1bd-cdf1815b2c6b,2024-03-12,ADV059,Maple Branch,1
55b4aa69-fbe0-4099-b3dd-c0cdc681c281,2024-03-30,ADV067,Willow Way,0
64546381-85ce-47d2-a530-baac2bf3d7c7,2024-03-04,ADV029,Birch Bureau,1
31b49e4c-51dd-406c-819d-3cd29fbb9a59,2024-03-23,ADV075,Oak Office,1
21c9635c-3ebb-4668-b8ee-3b2c8024e378,2024-03-27,ADV063,Pine Plaza,0
e1c8223b-4cbc-4ee2-8ff7-756355ffc64d,2024-03-22,ADV065,Oak Office,1
ec034b04-dc55-4e01-bf91-025014d6cdf1,2024-03-10,ADV008,Cedar Centre,1
ed7a289f-0e76-4620-9917-4252f7ce1d2b,2024-03-07,ADV036,Birch Bureau,1
b65aba0a-f2e9-4997-b735-7dd07ebdac52,2024-03-27,ADV019,Birch Bureau,1
35c6a51c-9695-4c9b-a3a6-00bea76ed757,2024-03-16,ADV011,Cedar Centre,1
424cf51e-5927-4ac3-9240-7471fb09d859,2024-03-27,ADV064,Birch Bureau,1
a8e6c06b-2bde-4193-a4d8-84bcd9c224a0,2024-03-05,ADV046,Pine Plaza,1
90ea5218-1242-4c66-af28-44458b9b5701,2024-03-14,ADV033,Willow Way,0
c2464cbc-95b3-47a8-b78e-5a2cd49223b6,2024-03-23,ADV048,Cedar Centre,1
3778ec94-899f-4773-80ec-f8d613ecb9dd,2024-03-11,ADV052,Maple Branch,1
50d7d1e4-35c1-4235-8599-fba8fe2dffbb,2024-03-27,ADV043,Cedar Centre,1
73541641-568b-405d-85fd-f3a6a42b0b01,2024-03-06,ADV034,Willow Way,1
6b25988a-ccd3-4150-a722-c2652ec32903,2024-03-21,ADV041,Pine Plaza,1
456fee02-96a3-49d5-89b9-59f211bc28d5,2024-03-02,ADV037,Cedar Centre,1
13418e73-5f65-47c4-b9cb-30492b97c0cd,2024-03-23,ADV068,Willow Way,1
e2fc2007-0c66-4818-9ce4-0f0d15d5f3c3,2024-03-26,ADV029,Oak Office,0
34b4b37f-9945-4f96-9c23-d58778bf7fa3,2024-03-01,ADV001,Willow Way,1
f2356546-47f4-42ad-adf4-3aaeae966d99,2024-03-27,ADV005,Pine Plaza,0
6eb81e9c-93a8-43de-9437-184a4335911c,2024-03-16,ADV052,Willow Way,1
ab4bb156-414d-4d0e-8cd1-3ed2e78d52af,2024-03-19,ADV068,Willow Way,1
edb0f379-9812-4f92-a03a-a5426b21af04,2024-03-17,ADV073,Willow Way,0
9b0b8ed2-fcf4-4c71-be94-64b8b024e95b,2024-03-14,ADV048,Willow Way,1
71555fb4-39d4-457f-8c81-2a263c9437cc,2024-03-10,ADV014,Maple Branch,1
ef46d23d-6ff4-489c-92b5-2920b17e4ed6,2024-03-14,ADV072,Maple Branch,1
fc8266f2-aca7-4e34-9c7f-e143312e7eb7,2024-03-14,ADV025,Willow Way,1
3cea43d5-9ddb-42e6-82ad-64769c1275d4,2024-03-13,ADV002,Maple Branch,1
a3ffa2a2-00ef-46f3-88f7-6ff9078d75e2,2024-03-11,ADV052,Pine Plaza,1
5bbdabb1-8d4c-443d-b130-a60f7929085d,2024-03-07,ADV021,Oak Office,1
dd951a96-0fcf-4354-9c68-c248155c5d02,2024-03-29,ADV040,Cedar Centre,1
06062351-a8f4-4c74-a083-4553c492e741,2024-03-30,ADV074,Oak Office,1
614f423b-87f8-44db-a925-c3a16445d73b,2024-03-25,ADV007,Birch Bureau,1
27c47be6-84ae-4a37-8596-3ba63ac20e19,2024-03-30,ADV032,Willow Way,1
e684da6f-93b5-42c5-81ce-f28900df5a42,2024-03-15,ADV043,Birch Bureau,1
6c314711-4bb5-41ae-9aee-ee6f49642968,2024-03-29,ADV018,Willow Way,0
c31c2e1f-397a-43b4-bd2a-66c52e48b18f,2024-03-12,ADV041,Willow Way,1
0652cbf7-3594-4fd7-969e-55aebfb08ca1,2024-03-08,ADV031,Maple Branch,1
1db870ab-1f67-480f-a97d-9d917e57ccd5,2024-03-26,ADV044,Willow Way,1
fc3fb8c3-4b4c-4a9d-975f-eddec710c212,2024-03-25,ADV045,Pine Plaza,1
4988e863-731b-49c1-adaf-a6dd96bc6571,2024-03-18,ADV001,Maple Branch,1
8ed13c81-ab57-4adb-9b03-19a9f5257306,2024-03-14,ADV002,Cedar Centre,1
512fbf8d-2779-402a-ba84-f4af24a38eff,2024-03-21,ADV032,Maple Branch,0
753fc4cd-80e5-44c8-89ad-35fbd28ff05c,2024-03-13,ADV026,Willow Way,1
0b818d43-f6e9-40f4-bb09-484458fdb2e9,2024-03-21,ADV048,Birch Bureau,1
293f2764-c976-4140-ad99-4f2309c30293,2024-03-05,ADV010,Oak Office,1
3c5c69a1-10eb-4fea-a7b4-e6eb2b6fe26c,2024-03-15,ADV009,Maple Branch,1
1de82120-e6ee-4aa9-9605-b7ab70a7ccbe,2024-03-26,ADV062,Oak Office,1
4aa040aa-ff26-475c-a896-fbeec1a4d260,2024-03-10,ADV008,Willow Way,1
ec2b36f7-1332-4d27-ac92-3fbb68266443,2024-03-02,ADV044,Cedar Centre,1
813f57a6-7859-4ec4-bc77-cebdaa1d9717,2024-03-18,ADV037,Cedar Centre,1
c9b40a7a-7306-4166-9b9a-a61407384cba,2024-03-29,ADV009,Birch Bureau,1
d7d73d25-9fe5-41b3-b45e-857237a62411,2024-03-12,ADV037,Oak Office,1
40cc94e1-fff2-4fa0-b12b-4c33ae1d7319,2024-03-06,ADV020,Birch Bureau,1
3021175f-bee3-4ecb-a3fc-8c53aa8bf054,2024-03-09,ADV046,Oak Office,1
2776b554-5dec-4cda-aa4c-643688b71e60,2024-03-08,ADV012,Pine Plaza,1
33b70ea7-5b92-46a4-953a-6c908eda14a8,2024-03-03,ADV051,Birch Bureau,1
3e89f44f-7a00-4620-9900-e1eb4bccbf27,2024-03-16,ADV050,Cedar Centre,1
348b0dc5-d9c7-4a4e-8002-de076fbcb2ec,2024-03-30,ADV039,Birch Bureau,0
b9295f54-df20-43eb-b9d0-96c27402d5f6,2024-03-17,ADV059,Cedar Centre,1
ab61f130-5256-4771-8d03-97800675a7fc,2024-03-17,ADV021,Cedar Centre,1
f95d87c5-b604-41aa-bb1d-09582a9f742b,2024-03-09,ADV065,Cedar Centre,1
a982ce44-8477-4feb-8880-aa48d060db17,2024-03-15,ADV019,Willow Way,1
2bad0145-bc74-44be-84b5-85c1ec8a63c8,2024-03-08,ADV036,Birch Bureau,1
57e53f14-8c38-435d-a063-9d8c99d78e47,2024-03-20,ADV014,Willow Way,1
20ca3a07-a4db-47ee-8bee-991695101d64,2024-03-10,ADV035,Cedar Centre,1
3d4a9628-c44b-4743-a63e-cc4182f11576,2024-03-31,ADV074,Pine Plaza,0
d4064aff-0599-4613-b3fb-c11ea3afb25d,2024-03-20,ADV039,Willow Way,0
f0b6f304-c923-4ab8-9759-07ed7568e485,2024-03-02,ADV009,Willow Way,1
d744fe6d-4f16-44ce-aa92-49e8d1ffc9e4,2024-03-14,ADV073,Maple Branch,1
26b3b6ee-d5d9-4fb4-bc9d-555159cad8b0,2024-03-24,ADV070,Cedar Centre,0
13913b58-d453-4773-9a54-fc2e9b5218b6,2024-03-22,ADV027,Birch Bureau,1
f4103301-a5f3-4285-aa8f-3828a9ff8230,2024-03-17,ADV014,Maple Branch,1
320e940d-65b6-4a50-9f76-99eba9253795,2024-03-04,ADV031,Pine Plaza,1
3e9989f0-74b5-4b16-80f3-cdd41fddeeb2,2024-03-15,ADV074,Willow Way,1
285c32f5-e6f1-4fc9-a8a4-2106082f7ae3,2024-03-05,ADV042,Cedar Centre,1
016823cc-0ae9-4172-a9c5-6bd31f095efa,2024-03-05,ADV004,Pine Plaza,0
746f39cf-cb62-43e9-87be-ed16308e9107,2024-03-09,ADV039,Birch Bureau,1
2facb123-b53e-4cea-bd41-752c4a9bb05b,2024-03-24,ADV026,Birch Bureau,1
ee5dfb68-742a-428f-aeca-40542dc56ef6,2024-03-27,ADV071,Maple Branch,1
babdee05-a78b-47c1-b39b-5a304c6f35b7,2024-03-21,ADV006,Maple Branch,1
be17178b-68fa-4f86-a0b7-683b810d9896,2024-03-19,ADV031,Birch Bureau,1
96b5d5b6-207b-484b-b867-5d7d8f92a672,2024-03-03,ADV039,Cedar Centre,1
7ff62b4b-9160-472a-a818-e5d2e23d86ac,2024-03-30,ADV021,Birch Bureau,1
df2f53ce-4098-4653-9bc8-384ad31f599e,2024-03-26,ADV027,Pine Plaza,0
cf4a6b04-62e1-4f53-ab03-4b2b85eab4e2,2024-03-19,ADV040,Pine Plaza,1
dcbf68a9-7ab0-4128-a37e-ccabf5af801c,2024-03-24,ADV045,Cedar Centre,1
0bf0730c-d50b-4c6e-a6bf-f74df459302c,2024-03-14,ADV055,Birch Bureau,1
aae0f99a-0413-4706-b823-b7b1a75e3152,2024-03-29,ADV062,Birch Bureau,0
5bbe8010-7f68-4f22-8816-b6de55369150,2024-03-05,ADV018,Willow Way,1
1c13a858-2fef-48d3-b041-820fa6ed5d61,2024-03-23,ADV021,Cedar Centre,1
ceac2048-8978-4b57-8c05-6b1748774909,2024-03-25,ADV042,Oak Office,1
43789be9-8815-47c8-8041-5aa5b969a749,2024-03-17,ADV060,Birch Bureau,1
af6d50fd-65e1-4722-95b1-0b7c41b2426a,2024-03-31,ADV075,Cedar Centre,1
702d8e25-85e6-4bc6-af41-2f7181d91d32,2024-03-26,ADV041,Willow Way,1
c6d38b23-fa48-4386-8212-d627be06da56,2024-03-07,ADV025,Maple Branch,0
b05c9640-d78c-4278-9243-d9b185b0a3e7,2024-03-10,ADV066,Birch Bureau,1
841b7ec2-02cf-49be-957d-e31b56cbb769,2024-03-23,ADV068,Maple Branch,1
9fe1fea1-8c36-4f83-91a1-8a66187eecd2,2024-03-25,ADV042,Willow Way,1
886222ae-b00b-4568-bc9d-064b2fea734f,2024-03-21,ADV062,Pine Plaza,1
11701fe2-3143-42a8-a463-f4e15fb6336f,2024-03-13,ADV049,Maple Branch,1
d47004f7-dfa9-484c-b5f9-95b97895fe7c,2024-03-21,ADV072,Pine Plaza,0
8694224c-75dd-40e7-bcc0-f370660c426c,2024-03-11,ADV043,Oak Office,1
0d96b343-d951-4242-ad18-4780e8bcaee5,2024-03-29,ADV025,Oak Office,1
42f718ee-cc2b-4924-9ce7-5b53533f656e,2024-03-01,ADV067,Willow Way,0
1d62bf0a-72af-43da-97c5-84a4fb84db19,2024-03-08,ADV002,Cedar Centre,1
2e03dad6-a2f5-49ea-aabc-fa62e2ef0f64,2024-03-02,ADV015,Birch Bureau,0
0f57aaa6-6a54-4ca2-b0f9-64e6005549b6,2024-03-30,ADV061,Maple Branch,1
d2ef78fd-bf9a-4b72-875f-04777bc6d25d,2024-03-31,ADV018,Birch Bureau,1
94848abb-56e4-4c5f-bdf0-e0e91fb3a308,2024-03-04,ADV058,Willow Way,1
ca185524-6642-463b-8a83-fbc9aa9e1df2,2024-03-05,ADV062,Pine Plaza,1
bd9f7be1-a6a4-470a-966d-8e7446d42455,2024-03-04,ADV011,Pine Plaza,1
a89cf615-0e3a-4be7-95c4-302fcd55a0e7,2024-03-12,ADV050,Maple Branch,0
8a026f2d-6be0-4cd6-906f-701e381f59df,2024-03-14,ADV026,Cedar Centre,1
e78d5f63-f818-49bd-8d1e-eb644af1f15d,2024-03-04,ADV058,Maple Branch,1
c7999cd9-efa2-4e53-8432-1a414ca600ab,2024-03-25,ADV026,Birch Bureau,0
6d4657f4-40ea-4eac-a926-a103ebce2079,2024-03-01,ADV045,Pine Plaza,1
f9a9454b-3670-4934-9f09-2ab2a5320ffb,2024-03-01,ADV021,Maple Branch,1
e5d0d3ae-3d0d-45f3-91b3-9b308cb7caa0,2024-03-07,ADV051,Birch Bureau,1
c3c03ab9-0410-4b62-b57f-746eb0645533,2024-03-21,ADV030,Oak Office,0
f609f1e4-8f7a-449a-bbd0-f63c4ed1d510,2024-03-09,ADV042,Pine Plaza,0
a795e6e1-032e-47d5-8584-2c5a993f11da,2024-03-16,ADV006,Pine Plaza,1
a0132a07-19b0-455c-8857-78e3a3ef304a,2024-03-29,ADV004,Willow Way,1
7fe276e2-22f2-454a-bf81-d57662507e8d,2024-03-08,ADV053,Pine Plaza,1
22145ccc-3078-4fb5-a332-fc7a20c40121,2024-03-16,ADV042,Pine Plaza,1
409c4739-9861-46bd-8141-ed58727d6668,2024-03-05,ADV066,Maple Branch,1
aadf45d4-de35-4600-989b-6c8129dec94c,2024-03-30,ADV019,Cedar Centre,1
9552f228-39eb-44eb-b4e5-f5c64d815357,2024-03-14,ADV017,Cedar Centre,1
6a520ca1-904c-4684-a52a-f5eac735232c,2024-03-19,ADV056,Birch Bureau,1
ad4f2d9d-1049-4192-aec1-f29b1395c71e,2024-03-25,ADV040,Pine Plaza,1
35256c84-684f-4226-8481-39047406052b,2024-03-27,ADV016,Oak Office,1
144c5930-7863-4aab-a02b-aa55bd483f1b,2024-03-25,ADV021,Cedar Centre,1
b20bcb59-a44e-4166-98fe-26d36a92ca86,2024-03-04,ADV017,Oak Office,1
f4bd71d1-3d15-4dfe-9cac-cf1c2a7df5c0,2024-03-10,ADV054,Birch Bureau,1
7ec3bb03-f0b6-4947-bc85-0c2fa043ab71,2024-03-24,ADV041,Willow Way,0
e8b79b9d-7c18-4ca4-aceb-e055f0ebbcd5,2024-03-31,ADV050,Maple Branch,1
96adc707-7496-4bc9-a228-80b45081e1bf,2024-03-01,ADV040,Willow Way,1
30ba3a8a-2c00-49f0-9054-17564ca364cf,2024-03-27,ADV074,Birch Bureau,1
15000144-c9b0-48c4-b8f1-111a68c69fb8,2024-03-10,ADV005,Pine Plaza,1
d34619ef-59a5-4603-a518-9a655967b532,2024-03-28,ADV065,Cedar Centre,1
f78c197f-e030-43e8-804a-e7c847c251be,2024-03-18,ADV007,Birch Bureau,1
d42ed6bc-627b-43ad-ac7a-fc850413f1ca,2024-03-17,ADV044,Willow Way,1
b681d7bb-b9a8-4044-8eae-d886df57e7cb,2024-03-04,ADV009,Cedar Centre,1
4749132d-1f71-49ab-a0d6-eafb0f14c3ac,2024-03-10,ADV061,Willow Way,1
90d8597e-40ff-4ba2-b5a2-1f2224f90bee,2024-03-10,ADV005,Oak Office,0
19a32060-f9f9-4aea-ae4e-f05d92888cae,2024-03-23,ADV031,Oak Office,1
7b5c298f-fb9e-4eb7-b111-bc635ff475d5,2024-03-26,ADV048,Willow Way,0
76ff75ac-b239-4588-aa20-1faf7ecfcb83,2024-03-21,ADV005,Oak Office,1
f293d1b8-b8cb-4eba-8916-cbdc74946f48,2024-03-04,ADV041,Birch Bureau,1
eb8a501e-dca5-4af9-900b-ada029c028cc,2024-03-20,ADV004,Maple Branch,1
bb757286-2cf3-458b-97fa-22d8b8a1d6cc,2024-03-04,ADV051,Pine Plaza,1
30b6625c-5978-48ae-a803-7327668521aa,2024-03-28,ADV018,Cedar Centre,1
865b26f8-ac1c-4771-8e1f-fcc2d4c324c4,2024-03-24,ADV060,Pine Plaza,1
7c24577e-72e4-473b-8b9a-f835ae87eaa6,2024-03-14,ADV010,Willow Way,1
792143e1-2624-41b0-9006-2cece0c1764b,2024-03-07,ADV006,Cedar Centre,0
5ce1b425-ce2d-4374-8da5-8125dc3602b5,2024-03-09,ADV021,Pine Plaza,1
94bd0fb0-6690-4790-a40d-b20c67fc6bcf,2024-03-24,ADV068,Birch Bureau,1
07bf5064-3d58-4b22-bbe6-4f51f44509c6,2024-03-08,ADV012,Birch Bureau,1
211b9f05-7450-49d0-ac0a-dd47f043a4bd,2024-03-08,ADV005,Willow Way,0
bb7a3522-cd31-4f1e-82b2-7b968dc38699,2024-03-03,ADV005,Pine Plaza,1
e7aea27c-ef6d-4e0d-81dd-3c5c10158817,2024-03-13,ADV031,Birch Bureau,1
1bcea921-a68a-4ef3-97f1-d158c217b2f8,2024-03-27,ADV002,Birch Bureau,1
f5da016a-df7b-48be-801c-629aa35f4c76,2024-03-21,ADV071,Oak Office,0
92368468-1fe0-461c-b57c-2c36bb9dc567,2024-03-11,ADV051,Oak Office,1
109717c5-4763-4e6d-84cb-049b5266c330,2024-03-01,ADV062,Cedar Centre,1
c816983b-d580-480a-845e-d63e9d1116ad,2024-03-15,ADV013,Birch Bureau,1
e4d15604-9920-400a-9f6b-6b97ca440168,2024-03-27,ADV067,Maple Branch,1
f4c5416b-1817-46d3-b045-63e0d94cf1c6,2024-03-02,ADV063,Willow Way,0
84a0c037-602f-44ff-ada1-b884910bac0f,2024-03-30,ADV030,Birch Bureau,1
b850f5d5-1fa8-4ec5-a831-690325bfd372,2024-03-09,ADV024,Birch Bureau,1
4d2c887d-f8c7-4ab2-9ff7-cd0a8b3b41f3,2024-03-09,ADV039,Birch Bureau,0
a4c3f2f1-e155-4687-8f1a-4a865e211452,2024-03-16,ADV015,Pine Plaza,0
174f1747-488f-431a-b055-6e935d2de8a4,2024-03-22,ADV010,Oak Office,0
a80a71cb-89b6-4cf1-a6c2-49fc32bf68f8,2024-03-09,ADV028,Pine Plaza,1
3a2a555b-fc03-4060-8760-215944f8ba9f,2024-03-27,ADV066,Pine Plaza,1
510dc46e-757b-484d-8ba7-7269253dd963,2024-03-30,ADV003,Birch Bureau,1
d666ebec-4df4-46b1-aa71-4a2652c8563b,2024-03-01,ADV059,Birch Bureau,1
a84a0dcc-89dc-4433-997e-416c80a76240,2024-03-05,ADV010,Cedar Centre,1
df46decd-1a81-4f0e-8bd0-58fe2aeb3e08,2024-03-03,ADV010,Oak Office,0
e5d8402e-bd4a-4012-91ed-392e35a42e98,2024-03-27,ADV034,Oak Office,1
ee27d560-8044-4224-8830-23c1245c8c9a,2024-03-04,ADV069,Cedar Centre,1
783cc70d-9f5b-4f16-9d0e-4766a2547c1a,2024-03-30,ADV009,Cedar Centre,0
3703fc57-a45d-4863-97a5-df4f619843b7,2024-03-20,ADV026,Birch Bureau,1
c516bcf2-8c07-417c-8d2a-4ce7ecf8f8a1,2024-03-16,ADV040,Cedar Centre,0
ab96c49f-c3c8-4326-8a6f-2e0451ddebf7,2024-03-03,ADV042,Willow Way,1
bc474262-a431-47c1-8463-b2d529ef95a9,2024-03-30,ADV030,Birch Bureau,0
baf58edd-d892-4ee5-b86b-ae209f899604,2024-03-04,ADV039,Birch Bureau,1
e4988e54-b896-494a-bb38-70b0907ff291,2024-03-15,ADV033,Pine Plaza,1
788ae16f-fb5c-4d20-993c-b1de4edfd401,2024-03-31,ADV073,Oak Office,1
7283ba03-1025-4ebb-bc2e-83f1696eee54,2024-03-18,ADV002,Cedar Centre,1
92d2aca3-d1be-4c13-81c6-f4937f8eaa0d,2024-03-24,ADV049,Willow Way,1
c6c47536-b054-4bb6-ab42-b1077df79668,2024-03-25,ADV023,Oak Office,1
9df41ab8-3806-4d0f-af54-78353139e58b,2024-03-17,ADV025,Oak Office,1
8ef5b11f-e32b-44bd-8152-bacd3e4f6e64,2024-03-02,ADV051,Cedar Centre,1
83d88bda-aa38-4ff0-a127-37f5a10e55ba,2024-03-26,ADV013,Birch Bureau,1
75ad327d-047a-4c8c-a709-44cef0b017de,2024-03-11,ADV018,Cedar Centre,1
78152531-92ab-4bf1-8386-c24c3704175f,2024-03-22,ADV066,Cedar Centre,1
133356d0-95eb-4464-9299-c8d03dc92ec3,2024-03-17,ADV012,Oak Office,1
b586e242-e405-484b-8a42-5e7a6843d753,2024-03-18,ADV022,Birch Bureau,1
103e73b9-5601-4054-beb3-417a9b969746,2024-03-28,ADV057,Pine Plaza,1
fc74bb86-5a73-470b-9eef-802dd6e7f396,2024-03-13,ADV020,Cedar Centre,0
352d368c-bf29-4876-bcb4-ab712f91408c,2024-03-05,ADV020,Willow Way,1
f4462ce3-cf51-44e9-a6eb-4615b4b3cac7,2024-03-28,ADV052,Birch Bureau,1
864b417e-8de7-446b-8900-b09b273b0998,2024-03-22,ADV037,Cedar Centre,1
f079da44-e738-440d-b0fb-84c778918951,2024-03-01,ADV040,Birch Bureau,1
434105e5-6949-4d83-a3f0-3b60bf3a2a26,2024-03-18,ADV065,Pine Plaza,1
e283b29c-eac6-48c8-92d1-3a9faed1eac7,2024-03-25,ADV011,Willow Way,1
4a77a502-3685-496d-a64e-09053a8578ed,2024-03-12,ADV058,Oak Office,1
e9891c80-ae53-48fe-a379-325034603755,2024-03-17,ADV033,Pine Plaza,0
07fcabee-7c0a-426a-bd09-615328913886,2024-03-10,ADV048,Willow Way,1
aa75b157-951f-4440-8e57-4b2718bd7a5c,2024-03-10,ADV060,Birch Bureau,1
d8a5d5da-457a-4cc4-8456-8d7f25c1248a,2024-03-25,ADV006,Oak Office,1
4edddcd7-7299-481c-815d-d45a39eac5d8,2024-03-04,ADV019,Birch Bureau,1
36846d9c-193b-4ede-b03a-a0a4c42a11a4,2024-03-14,ADV060,Willow Way,1
1054c31a-424e-47d3-a71f-bef4b2884951,2024-03-29,ADV041,Oak Office,1
cfc2e05c-27cf-4820-bb8f-b5b557497614,2024-03-03,ADV071,Birch Bureau,1
17cf9ce0-a1d0-4fbf-b037-7f3ca6833e99,2024-03-11,ADV066,Pine Plaza,1
28b3e583-6e02-4bb9-b984-153e06ec6a20,2024-03-15,ADV042,Pine Plaza,1
1a10a1d2-eb4a-49a7-9091-2324c1148ed6,2024-03-29,ADV065,Cedar Centre,1
a581899e-1ef7-4c48-99af-b8a9ca511c70,2024-03-23,ADV010,Maple Branch,0
450f11ae-6e4c-4db9-91a6-2673cc0728b4,2024-03-21,ADV024,Maple Branch,1
86f0b78a-4e47-4804-a343-dd7215d42820,2024-03-20,ADV048,Cedar Centre,1
8075ec5a-d3ac-4b39-ac61-4b4505cbc48c,2024-03-01,ADV009,Maple Branch,1
175fe151-1827-40fe-b4d5-48264aa5b7c5,2024-03-21,ADV034,Willow Way,1
e1eb9af1-a721-4234-8056-56279eea9ea9,2024-03-14,ADV072,Maple Branch,1
c91ea120-d93c-4364-a3b0-2ffc2001cda0,2024-03-06,ADV030,Pine Plaza,0
79a4fd63-646a-43f6-8833-4591757bb448,2024-03-05,ADV063,Cedar Centre,1
2be57ee4-677d-4abc-bc26-eb9aeb824040,2024-03-15,ADV025,Birch Bureau,0
97867230-815c-4d25-a240-610d3fdfe316,2024-03-26,ADV013,Willow Way,1
78c1af54-7763-42ce-822e-2130596f4e84,2024-03-18,ADV013,Maple Branch,0
dfd19523-6134-4dd0-8ce8-9aad39f7ce92,2024-03-25,ADV038,Maple Branch,1
3953906b-c9fd-4bde-8e27-063364171626,2024-03-02,ADV042,Oak Office,1
2e3c45f8-6b6d-424c-9d2a-4eada56ceaaf,2024-03-04,ADV009,Pine Plaza,1
2481fad1-a4d5-4297-b09b-36d8da900f3f,2024-03-28,ADV011,Willow Way,1
fa432ff9-9169-4788-99de-2ae2959f52ec,2024-03-09,ADV070,Cedar Centre,1
074f014f-f137-429e-b434-954c4609f5ef,2024-03-30,ADV050,Cedar Centre,1
09935308-5aea-4a0c-9c1b-73db969ce86d,2024-03-08,ADV059,Oak Office,1
752bf3af-328c-4b69-999b-134e172f7e3a,2024-03-23,ADV070,Maple Branch,1
7b402344-ab22-41f5-9b41-0e623baa9e0c,2024-03-05,ADV036,Cedar Centre,0
fccac72b-093b-496b-950c-e7401d65437d,2024-03-08,ADV068,Maple Branch,1
155bbef3-83ff-45e9-909b-7af6cd9a54a5,2024-03-09,ADV007,Willow Way,1
bcfa750f-41ae-4ff1-bc2e-58553985145a,2024-03-26,ADV029,Pine Plaza,1
3b92c556-f9a0-4458-88dd-7eeb212e93b5,2024-03-06,ADV020,Cedar Centre,1
93cfbb2b-0b25-44ef-bad4-529541116158,2024-03-04,ADV057,Birch Bureau,1
41afc885-4b8c-4078-8646-c58731b863c5,2024-03-01,ADV062,Willow Way,0
a25f0184-a23d-46fb-b17b-19657adf5b94,2024-03-26,ADV074,Oak Office,1
a2469039-c15b-4d1f-aafc-7b0fded0bd0d,2024-03-15,ADV059,Pine Plaza,1
2d0bac11-6731-414d-b0d7-95f71b5b2565,2024-03-11,ADV049,Birch Bureau,0
6d83f25e-1c4b-4c5b-8b1c-a48b6f797463,2024-03-21,ADV074,Willow Way,1
dd7090bb-cabc-41b8-aa8c-f7fca47923d5,2024-03-27,ADV022,Oak Office,1
a266419a-48d3-4397-bdc2-00240fe8072f,2024-03-17,ADV032,Oak Office,0
5a7d89a6-8e91-4560-93f8-74c33aec9d6e,2024-03-26,ADV029,Pine Plaza,1
532d01a3-c31d-4448-a550-380f5fbffe0f,2024-03-21,ADV024,Maple Branch,1
2f5bc8f7-de9a-4157-a6e3-1c86668b15f6,2024-03-19,ADV004,Maple Branch,1
fc9d6924-51d1-459f-adc8-050dd2620acd,2024-03-09,ADV064,Oak Office,0
1093e876-d368-4e5c-8185-4bc66e325c25,2024-03-14,ADV020,Birch Bureau,0
91098cf1-01bb-4d59-a4a3-6d5a7244af42,2024-03-22,ADV011,Cedar Centre,1
c392e35e-e998-436d-bf3b-4925f766110e,2024-03-09,ADV031,Willow Way,1
06b6d4bc-9536-4b99-aeb7-72808bac7b8b,2024-03-16,ADV027,Willow Way,0
3a256b97-65d2-499b-adf3-107c003c1d80,2024-03-05,ADV058,Pine Plaza,0
9d2300dc-02e2-426a-ae6a-5bebdb06727e,2024-03-22,ADV003,Oak Office,1
72017be9-2ad1-4f8d-841e-e1e1b0d8555d,2024-03-22,ADV065,Pine Plaza,1
d32d45e1-15a1-4aed-9b35-baf84b5a726b,2024-03-24,ADV075,Oak Office,1
78985e18-d36d-4154-b22e-c545ea8a553e,2024-03-20,ADV021,Pine Plaza,1
9143c588-fc64-4144-a139-f3ec565bf009,2024-03-04,ADV043,Maple Branch,1
9a198a00-5c9f-47b4-bb36-31f395386edf,2024-03-31,ADV026,Pine Plaza,1
02ab769c-6e7d-4964-a78a-3ae06adb4180,2024-03-05,ADV055,Pine Plaza,1
ee8da8bd-22fa-40dd-a828-c82b815fc234,2024-03-04,ADV067,Oak Office,1
eba76fe8-dea5-46e1-9e92-eefa4479d2f7,2024-03-28,ADV019,Cedar Centre,0
9aedf403-ccd5-4e05-a9cc-d922e811a947,2024-03-13,ADV067,Maple Branch,1
eb9640a1-171f-4eaa-9f08-e00d78966d4c,2024-03-08,ADV060,Cedar Centre,0
b9af1dff-71f3-4181-aa15-dd49d7b30b8d,2024-03-31,ADV055,Willow Way,0
2d40711a-96b7-4d54-94e6-b86bfce71145,2024-03-05,ADV018,Birch Bureau,1
0be8c4a8-c587-43df-adee-42b3978e276d,2024-03-26,ADV005,Cedar Centre,1
e4fe1fae-3d2e-4cff-b106-a37cc13e1c3e,2024-03-27,ADV043,Oak Office,0
e1042b22-30f7-4cbc-ae15-903bbae0c300,2024-03-20,ADV016,Pine Plaza,0
7855412d-6246-4707-8a16-6e7ff1a95dfc,2024-03-19,ADV056,Willow Way,1
18bbf2d7-33ab-4478-bc76-b9819435aa34,2024-03-22,ADV024,Birch Bureau,1
d8178352-7be3-4fee-96fd-a6d62e6860da,2024-03-12,ADV039,Oak Office,1
69b12b6a-a22d-451f-94b8-82152be768e6,2024-03-18,ADV013,Pine Plaza,1
09721f0c-ffe9-4540-bcb3-6b13df131c6f,2024-03-18,ADV044,Pine Plaza,1
e393df51-ad01-42ae-8c4f-92e4e07a783a,2024-03-03,ADV025,Willow Way,1
3ca79af1-5a7a-4877-b1cb-5d01cd7b57e5,2024-03-28,ADV061,Pine Plaza,1
fb883af8-3947-48c3-a35d-6235319e2a3a,2024-03-01,ADV018,Pine Plaza,1
2f30bebb-20d7-476d-b607-07b036ebd340,2024-03-18,ADV068,Cedar Centre,1
a50bf54a-8fec-4fc6-a4c6-6b6ca3e01c88,2024-03-04,ADV050,Willow Way,1
8096a3f6-3a90-4616-9113-b516a2381037,2024-03-02,ADV070,Willow Way,1
a5a67baa-0a53-4637-bd8a-9a8cf8e6015b,2024-03-15,ADV043,Pine Plaza,1
734d8586-916d-40a9-b515-ccbc911b9988,2024-03-01,ADV010,Oak Office,1
b874e291-5616-4ba9-b7c6-e1ec9696d70f,2024-03-22,ADV069,Birch Bureau,1
c2340a9f-e8de-4764-9720-f3460ae95881,2024-03-12,ADV054,Maple Branch,1
baf2dd92-bc44-4764-9a3e-49f92c62db7c,2024-03-23,ADV005,Willow Way,1
0fcc1dff-a1e4-4b40-b105-e818ee2532b9,2024-03-18,ADV040,Maple Branch,1
0709b09b-d0c4-4991-ba94-71590783e951,2024-03-27,ADV053,Oak Office,1
3b81dc77-0fbe-49e2-ae27-5313103945d6,2024-03-09,ADV001,Cedar Centre,0
df67db1b-e1b8-47d9-a454-abb8378ae364,2024-03-07,ADV039,Willow Way,1
55beca5f-2e66-4dc7-980a-6a4402d2c61a,2024-03-08,ADV069,Oak Office,1
1516446f-7df2-4597-907e-d25b62e5456b,2024-03-16,ADV043,Willow Way,0
73ed9d2e-80a4-478b-aed0-be3bec7011ee,2024-03-25,ADV032,Cedar Centre,1
472928ec-9a00-4873-803a-f9fd26215fba,2024-03-16,ADV009,Oak Office,1
e388680f-0e79-44a5-a9d0-6b7196cd648a,2024-03-29,ADV024,Maple Branch,1
59075185-46f2-41ac-af7e-782618bd5a11,2024-03-25,ADV036,Maple Branch,1
9cfea405-d924-4589-ae55-786457d135a2,2024-03-02,ADV006,Cedar Centre,0
18439e37-28ea-4d8b-854a-9fbe0bbe9f7f,2024-03-26,ADV067,Pine Plaza,0
1f3694bb-c375-4035-8f02-ca4b2b771a10,2024-03-25,ADV021,Oak Office,1
285541a7-35a1-47c6-83ca-9d0762dda737,2024-03-02,ADV036,Oak Office,1
6b0c4726-c2a4-4e24-bf9e-ad935ed96274,2024-03-30,ADV008,Willow Way,1
ff7b34bc-8524-4bea-933e-87b504d72553,2024-03-21,ADV042,Oak Office,1
a6484cee-3fc9-43ac-82e4-07b67ca1abce,2024-03-27,ADV038,Maple Branch,1
c94fe68f-77ce-495d-acf4-012264a9a1ce,2024-03-16,ADV003,Maple Branch,1
d5094f5f-efba-4a61-8190-79b7192a2ac2,2024-03-18,ADV044,Oak Office,1
d25d1a16-85a4-455a-848c-b541693f2167,2024-03-25,ADV065,Pine Plaza,1
7fa927be-9455-4830-a0c5-e337ac3f448b,2024-03-05,ADV003,Willow Way,1
60074726-755c-4917-8f4e-22fb5e109110,2024-03-18,ADV068,Willow Way,1
72dc90b8-1ff2-429f-821c-d87a12746379,2024-03-13,ADV043,Pine Plaza,1
8f08ea95-c740-4697-87fe-914bf69e4b4c,2024-03-30,ADV046,Willow Way,1
cf13e44e-df27-4ed8-a6c9-4aae849cbf9f,2024-03-02,ADV047,Pine Plaza,1
1eb1fb16-bbc0-4f90-819a-bb790fae3d24,2024-03-24,ADV046,Willow Way,0
c0e3efe2-226a-4317-b8a0-68da727a94f3,2024-03-26,ADV031,Cedar Centre,1
907cfe8b-68a1-44c7-85a4-d0d399dbd10d,2024-03-28,ADV041,Maple Branch,1
3601d002-852e-45af-8ccd-6bcf8c410e8c,2024-03-15,ADV074,Willow Way,1
3a4df791-5055-4495-976b-cb433a547bed,2024-03-07,ADV042,Cedar Centre,1
b252e212-c835-41ed-88e4-55bb64db948a,2024-03-07,ADV028,Birch Bureau,1
54e73ec5-a584-42ec-aff5-68c629f8f66a,2024-03-03,ADV036,Birch Bureau,1
4016a014-2501-4a11-8a0a-29980749560a,2024-03-07,ADV061,Cedar Centre,1
74a4bf8e-5fb6-44af-acf0-874759fdd0dd,2024-03-10,ADV047,Willow Way,1
bf31a571-69e2-43f6-a668-8a0951bdd3b9,2024-03-07,ADV032,Maple Branch,1
06226d40-d79d-49d0-9c60-da5afcb8b495,2024-03-03,ADV030,Birch Bureau,0
5cf3d725-24bd-47f5-b907-b55125275975,2024-03-22,ADV023,Birch Bureau,0
045a8b94-6c3d-4e77-9797-4e236ef16e7d,2024-03-09,ADV022,Birch Bureau,1
f4bd994c-903a-48a2-9810-1302a35a8c52,2024-03-12,ADV067,Oak Office,0
1c53e77a-ff81-49a8-9742-f2168ebb54b4,2024-03-31,ADV061,Willow Way,0
f3b47044-ef2f-4c73-b665-b6f0270181cc,2024-03-20,ADV056,Willow Way,0
d5cb2706-2c29-433f-800d-db3e26034f2b,2024-03-03,ADV009,Maple Branch,1
1f453ea9-c1f3-47dc-8d3a-7515b99adc54,2024-03-17,ADV058,Pine Plaza,1
b5a58338-4141-4312-8d9a-16e6c310d335,2024-03-04,ADV075,Birch Bureau,0
975b81a8-880c-464c-a7b5-706ee7baa7b6,2024-03-04,ADV022,Birch Bureau,1
5507956e-5906-40fb-96fe-9ebd940ae46e,2024-03-08,ADV029,Maple Branch,0
ed381ace-fccd-45eb-8a0e-6eba77112369,2024-03-14,ADV007,Birch Bureau,1
0441f345-a2e8-4b02-a519-2f452b148887,2024-03-02,ADV060,Maple Branch,0
65a3cba1-ce26-4b47-bf0a-7975284c859e,2024-03-19,ADV073,Birch Bureau,1
2ab127cd-535b-4c3c-82a8-4a4a76fb4103,2024-03-11,ADV047,Maple Branch,0
0ee1155f-b79f-49ff-8367-4863b7406f50,2024-03-17,ADV025,Cedar Centre,1
04e484d5-3fa4-4a43-af87-7846f5f8d3c4,2024-03-10,ADV075,Willow Way,1
da9d3340-e83d-4bd3-83c3-5d09dd35f48e,2024-03-22,ADV068,Pine Plaza,1
3b7d4077-8dcc-4aec-8b33-61bde8764e2e,2024-03-01,ADV063,Cedar Centre,1
2c46f354-099b-4dc7-9f30-e18e4fc001f4,2024-03-06,ADV010,Birch Bureau,1
98f5a1a2-770b-485c-8cd3-de6ccdf91bf7,2024-03-29,ADV071,Pine Plaza,0
5d2d9df6-b629-47c5-b19c-a93fb25af1ea,2024-03-12,ADV059,Oak Office,0
96e6b414-f936-49d9-9c12-f3e330b4a35f,2024-03-07,ADV034,Willow Way,0
ba2cebe0-ffe5-432f-989d-5ecaff96b45e,2024-03-05,ADV049,Birch Bureau,1
a891dac2-a5cb-4bd9-83f4-e606f239ad8a,2024-03-30,ADV012,Willow Way,1
c5486478-5f9e-4ef7-9d89-58bc562d9096,2024-03-21,ADV064,Birch Bureau,1
85239a4c-2f9e-4e52-8b2a-aea5235b9162,2024-03-22,ADV062,Birch Bureau,1
ed3c5021-aaeb-4117-bd5d-75a86c7cf0f7,2024-03-14,ADV044,Birch Bureau,1
aa2a17f8-39c5-4659-a932-5d1f87c42eca,2024-03-09,ADV018,Birch Bureau,1
61a83d1f-4dc8-46b6-8047-32da25e6d9c0,2024-03-09,ADV018,Maple Branch,1
92fd82db-20d1-41df-8c52-6eee8e47cebe,2024-03-16,ADV038,Birch Bureau,1
d729b53f-7c20-4e8f-878b-341c6bdb5500,2024-03-18,ADV051,Willow Way,1
ba96aa1d-8403-4daa-8af9-bc3d9e68cdde,2024-03-07,ADV059,Oak Office,1
92ae2758-dc30-4059-8f71-3ae32ba22fb2,2024-03-10,ADV033,Oak Office,1
cc990aa6-1454-476a-90e4-cef9b4e267d8,2024-03-28,ADV007,Oak Office,1
0b567528-dc7c-43bd-8500-e608d3cd9236,2024-03-04,ADV018,Maple Branch,1
c5f97ef8-a2dc-4bcc-988d-96b6c0cd7cb2,2024-03-03,ADV012,Pine Plaza,1
078e4c89-3cbb-464d-9086-d13eaee73484,2024-03-13,ADV059,Oak Office,1
3050ec83-554b-4f71-8418-4d0f2453060a,2024-03-31,ADV026,Birch Bureau,0
c9f21c0d-5756-4bfc-b071-0cd7c05e9238,2024-03-18,ADV013,Maple Branch,0
e6d85206-89f0-45d7-bd88-1d881d91a1ba,2024-03-24,ADV050,Cedar Centre,1
1b250b0d-b325-4259-a02e-8f3db4ad0812,2024-03-27,ADV070,Cedar Centre,1
9f1c3e51-eb61-4fdf-ac82-2a0314ac441a,2024-03-24,ADV024,Birch Bureau,0
e31d21a5-4c48-42a6-8ac9-b26f852f474b,2024-03-21,ADV049,Birch Bureau,1
1c10e08f-62f1-46d4-813c-d9688c9dfbe9,2024-03-11,ADV031,Birch Bureau,1
91003eb5-4201-48dc-9ae7-0d4214f72bea,2024-03-27,ADV002,Birch Bureau,0
97229a7e-cd6a-495e-8e86-4d5d8f99a0a1,2024-03-23,ADV045,Birch Bureau,1
4689ae49-0232-4742-838f-cc4d97a31952,2024-03-14,ADV047,Maple Branch,0
d71ea91f-3fdf-4d20-8af1-6659492574f7,2024-03-11,ADV011,Oak Office,1
5d2a5fc5-e24c-412b-a527-010594c6e279,2024-03-30,ADV008,Pine Plaza,1
0e8afdfe-27fa-4fcd-8733-be1473de9090,2024-03-24,ADV067,Pine Plaza,1
4a2f8fc0-976b-460a-bc30-949462ba880e,2024-03-15,ADV005,Willow Way,1
ba8afbac-61d9-418c-a293-d54e20cdcbdf,2024-03-16,ADV042,Oak Office,1
718edc8e-74cd-4ba3-8169-9870f2e90021,2024-03-08,ADV040,Cedar Centre,1
35feb5bf-8c8b-484a-8fe2-5fcea16d3744,2024-03-25,ADV071,Maple Branch,0
39b64238-adf4-4e13-8218-3d86be209a57,2024-03-05,ADV067,Birch Bureau,1
8dbed467-7b93-4294-b127-379ce56da271,2024-03-28,ADV073,Birch Bureau,1
704021c7-445d-4df1-b739-9e0bd2634205,2024-03-27,ADV020,Willow Way,1
dee73d7b-49cd-4e01-8813-b77e36f8a7ef,2024-03-16,ADV073,Birch Bureau,1
3e03e3f5-c456-43fa-b55c-ab4302d8d67a,2024-03-07,ADV014,Cedar Centre,1
24cf6299-4f99-42b2-af3c-9668da757fa1,2024-03-09,ADV010,Willow Way,1
65d6ccaa-8f9b-440e-ad30-7cb521bf571e,2024-03-25,ADV018,Willow Way,1
8709f945-c6c2-43e1-9ef3-e33b37355848,2024-03-09,ADV068,Willow Way,0
a77200dc-4044-46f7-af39-1b9e80a72971,2024-03-23,ADV012,Maple Branch,1
48c18efa-cfa2-4452-8872-4ceb725140a5,2024-03-02,ADV018,Birch Bureau,1
5d0788dd-867f-451b-b930-a13399463105,2024-03-08,ADV035,Maple Branch,0
227022ee-e876-4fa0-8806-343f5982ff48,2024-03-06,ADV065,Maple Branch,1
252f1173-43a5-4b81-99da-13921680604b,2024-03-11,ADV047,Willow Way,0
1b299420-2337-4c82-ab1d-bdd35cc7af37,2024-03-04,ADV055,Pine Plaza,1
d2dce0eb-5f05-40ac-acb1-c273b4c296b9,2024-03-28,ADV020,Oak Office,1
8f31f042-bec7-4084-a4b8-69402e5b940d,2024-03-21,ADV044,Willow Way,1
3d2a30f3-c723-4762-ac1a-3e49a191c3fa,2024-03-20,ADV070,Willow Way,0
c813c953-5019-469a-a39f-20a66a6d7f60,2024-03-03,ADV049,Birch Bureau,1
6b92f700-eef4-4fa3-9f9c-89d5fb19be9a,2024-03-29,ADV070,Cedar Centre,1
9e6e4292-d391-47ed-91c9-11ca8a07ba8e,2024-03-22,ADV022,Willow Way,1
2bedae83-4843-4c56-8fe9-97a22c1af23e,2024-03-26,ADV068,Willow Way,0
3b4e4b38-8191-4113-8d0b-18ed8d4ee4b7,2024-03-11,ADV053,Maple Branch,1
af01802e-70ec-4961-8c8c-9888256b22c1,2024-03-09,ADV003,Cedar Centre,1
00e617c7-1eb1-4884-b564-f44de4301dbe,2024-03-05,ADV058,Maple Branch,1
88864c65-c6b6-47e0-84b8-0d9a745fd92a,2024-03-11,ADV018,Willow Way,0
20729250-9241-41a9-abb8-e8481ca088f8,2024-03-24,ADV034,Cedar Centre,1
5dd094d7-9123-439e-9112-6d1deb385508,2024-03-01,ADV019,Pine Plaza,1
2c7f0893-e571-496f-8e50-369bfad44335,2024-03-18,ADV008,Maple Branch,1
1eed08db-41a2-4d1c-9a2b-d85fc56c77da,2024-03-31,ADV046,Birch Bureau,0
1fad0268-8167-4ef5-aa33-660253e32ffc,2024-03-13,ADV002,Oak Office,1
bad30535-2908-41c2-bfe3-a48bdbd7d919,2024-03-10,ADV068,Oak Office,1
d55ce0ef-a732-43c9-81bc-9c98e623f239,2024-03-28,ADV038,Cedar Centre,0
0a8bae8b-b131-4362-abe9-8d3b50e44dd4,2024-03-27,ADV057,Birch Bureau,1
697f34f7-2545-44d4-9706-7f461e267b0f,2024-03-24,ADV049,Maple Branch,1
2447b44f-c2db-48cd-b050-31995bf89147,2024-03-15,ADV043,Birch Bureau,1
41ea6a60-24f9-4676-9dd9-785822babcd7,2024-03-04,ADV041,Cedar Centre,1
f8dd0012-38d1-4cd0-a4cd-95e45821be63,2024-03-05,ADV038,Birch Bureau,1
d6ae151c-05a7-4cdc-aed3-6df856d1f112,2024-03-30,ADV044,Oak Office,1
0f56afe0-4a94-4dc0-a137-d69d20f00130,2024-03-04,ADV030,Oak Office,1
15588ed7-c4d9-4733-93a6-55d0edb8137e,2024-03-11,ADV075,Cedar Centre,1
a7b615b5-ea47-49fe-8ed5-3985469d1278,2024-03-26,ADV027,Maple Branch,1
e98856da-8bfc-4a1f-b8c0-fb621f3c1c14,2024-03-18,ADV037,Maple Branch,1
746d380b-c8f8-43bc-aab3-2aa14a58f028,2024-03-20,ADV008,Cedar Centre,1
8c1593fb-3a11-4525-b2f9-988bf7d689d9,2024-03-08,ADV005,Pine Plaza,1
a2662ac2-4bf8-4b84-a27a-7a8072b76d96,2024-03-02,ADV041,Oak Office,1
f644dc3d-efd0-4782-8a0f-674a80504205,2024-03-20,ADV015,Birch Bureau,0
cd2651b7-7bff-44b4-ae0a-1e5d44ae6a76,2024-03-13,ADV045,Oak Office,1
25c8a54e-9166-4b82-96cc-d29594f77fd0,2024-03-21,ADV058,Willow Way,1
8fc9c5a0-01b0-4245-a871-759b45a6be2d,2024-03-08,ADV047,Oak Office,1
dda29900-3862-4034-bab2-a4403e66f313,2024-03-23,ADV065,Maple Branch,1
1b50eca3-b079-43dd-9d6f-10530e1b30d7,2024-03-21,ADV061,Birch Bureau,1
581a977e-d57a-4378-8acd-f34c5b4d4c26,2024-03-04,ADV067,Pine Plaza,0
d8fc754a-5d6d-4a4a-80d2-8d85aed05790,2024-03-18,ADV036,Birch Bureau,1
4de9d790-c06d-4a73-a9b0-b731bb7464b9,2024-03-23,ADV054,Cedar Centre,1
20fd8db5-b6be-4586-bf00-9afa33991c84,2024-03-21,ADV004,Oak Office,1
b0832912-1391-4137-ab6f-52787ce84b81,2024-03-11,ADV045,Oak Office,1
69f4598d-fd93-47ed-8d83-602ab7651c91,2024-03-25,ADV038,Birch Bureau,1
26464c96-497b-40f7-b8d3-6922bccfe137,2024-03-30,ADV072,Cedar Centre,0
22804baf-4e63-4350-9a6a-f343a71a9137,2024-03-05,ADV066,Willow Way,1
e4aeab0d-49a5-4c55-a852-e0e7fd160a5e,2024-03-14,ADV048,Oak Office,1
227926c4-04e3-47e2-9f32-4922b5680da1,2024-03-12,ADV044,Cedar Centre,1
5b5cacb9-b497-44f3-a876-1b24607eb084,2024-03-19,ADV023,Oak Office,1
d9c6c560-fd21-4c52-a270-97ba53df16d5,2024-03-05,ADV041,Pine Plaza,1
bc5a6624-250f-42ad-86ab-37a3c4f69f72,2024-03-27,ADV071,Cedar Centre,1
1489d267-d7c7-4334-9db8-f2561d9e1f18,2024-03-07,ADV046,Cedar Centre,1
b961c239-24f5-4717-bd28-c8f50c42b867,2024-03-03,ADV040,Maple Branch,1
dbdfac7d-239c-4285-8d69-e1b8a774c2b1,2024-03-29,ADV051,Birch Bureau,1
de99fa4f-9670-4d14-b8e8-50fa712cfcb9,2024-03-20,ADV071,Maple Branch,0
0507c064-3030-4566-89ec-9aa2842cfaa4,2024-03-08,ADV022,Pine Plaza,0
3adf851a-accb-48b0-8d5c-482bed52307f,2024-03-28,ADV061,Oak Office,1
aa364f52-3f92-4704-bcf7-8e3ea24428a8,2024-03-11,ADV070,Willow Way,1
f2a32cfd-71bb-4892-b649-13a5cf36104e,2024-03-30,ADV007,Willow Way,1
bbbddb2f-23da-4d7d-a446-896f34c6d8d8,2024-03-11,ADV023,Pine Plaza,1
2b2efce1-8428-4a0d-b998-be05f6ebc3fe,2024-03-17,ADV010,Willow Way,0
5be9754b-bcc5-4d05-b8e6-1dc9407461bc,2024-03-13,ADV001,Birch Bureau,1
31411658-e92e-44b8-b35c-edb137a4636b,2024-03-23,ADV066,Pine Plaza,0
544d7048-0d97-48b6-9d68-0a5fd1a8776d,2024-03-19,ADV018,Willow Way,1
c47c04d5-e5e2-4512-8207-350ae925347b,2024-03-08,ADV015,Birch Bureau,1
7abb2a5c-02f7-41f4-bdf7-3789a78b2fe7,2024-03-29,ADV073,Cedar Centre,1
9bd2bd01-7fe7-4cd8-9118-1a72e5a3da4f,2024-03-31,ADV004,Maple Branch,1
713da623-67c9-4cd3-b65c-68781a6b6ecf,2024-03-28,ADV051,Birch Bureau,1
aa82c73d-38a5-44a2-819c-609b73a3f9bd,2024-03-27,ADV063,Oak Office,1
0de79ad3-c422-48fb-be86-d1c04a6b2c8a,2024-03-09,ADV052,Cedar Centre,0
ac8514b2-c93a-4ce3-92b0-b9292d30d4b5,2024-03-14,ADV072,Willow Way,1
e97ce858-c790-437e-9636-1e142bb1d4cd,2024-03-05,ADV024,Cedar Centre,1
dfc374db-1157-48f6-bf27-0e2641f61b59,2024-03-10,ADV015,Birch Bureau,1
3274f9aa-2f3f-43db-82f0-3beeb0ac6a7c,2024-03-19,ADV044,Pine Plaza,1
d717b869-4ae6-43af-a54a-9ad092fd16ee,2024-03-30,ADV041,Cedar Centre,1
9d358905-ae2c-49a6-a40e-8058278e2753,2024-03-09,ADV018,Birch Bureau,1
05c0ea82-a70b-465e-a30e-d7c75b4f7b94,2024-03-11,ADV045,Oak Office,1
ed78f85a-534b-45af-9fbe-2a39ba2d2160,2024-03-30,ADV022,Birch Bureau,1
a1444f85-5e33-4bf3-a235-a237ecf47b01,2024-03-21,ADV048,Pine Plaza,1
0b05031c-2cf0-435f-8593-2139d4126b71,2024-03-03,ADV041,Maple Branch,1
6304532b-acd7-4e01-a291-b0d208087ade,2024-03-13,ADV052,Oak Office,0
e9d9816e-b82f-4cf5-a200-697a572e580d,2024-03-16,ADV041,Willow Way,1
9ae09eee-59d9-4645-a968-84d32da1461f,2024-03-24,ADV006,Cedar Centre,1
94a209d1-6253-4866-8bd9-aa23bd58a9b1,2024-03-29,ADV032,Pine Plaza,1
11864084-4a51-4d80-89b7-516c5a444960,2024-03-04,ADV013,Pine Plaza,1
72391945-6ae2-4dec-87de-d0eebb9b2841,2024-03-06,ADV006,Pine Plaza,1
dbf2c601-0495-442b-9598-383f47bc6272,2024-03-27,ADV046,Maple Branch,0
ec15f1b3-9004-42db-8934-75e6255d28f8,2024-03-08,ADV060,Pine Plaza,1
6c9b9d0d-1feb-4a56-9069-7f83e1bb985c,2024-03-08,ADV063,Birch Bureau,0
b65b1cc9-7398-4bb4-915d-3371ff157c37,2024-03-02,ADV001,Willow Way,1
13b3c56e-287e-42dc-8b99-1bd023c32fac,2024-03-15,ADV039,Willow Way,1
49c76376-00be-44a1-94d5-f0003eb03278,2024-03-30,ADV060,Cedar Centre,1
277313dd-d456-4988-b98a-b516ec88173d,2024-03-05,ADV065,Birch Bureau,0
fd2c3005-ac03-43e5-b5a7-36d87b909c08,2024-03-23,ADV034,Birch Bureau,1
c7d2c87c-a444-4a52-89b2-743f6be6c9a7,2024-03-05,ADV005,Birch Bureau,1
8a519237-7ae7-4a9f-a8c1-949563a60f86,2024-03-09,ADV026,Birch Bureau,0
1e77099d-fe80-4032-bd1e-66f02df7914d,2024-03-27,ADV064,Maple Branch,0
b920ff6f-5978-4112-988d-eb622e04b7d1,2024-03-23,ADV056,Birch Bureau,1
edc2512e-47aa-461c-992c-b8b89a5feb4c,2024-03-02,ADV022,Maple Branch,1
a3eb7de9-4c61-4b6f-8f0a-cb5e34858333,2024-03-25,ADV007,Willow Way,1
7611fd48-a561-4b32-9b18-791c1b1122e0,2024-03-16,ADV045,Birch Bureau,0
14479c04-958a-4bd0-a726-4422551cd893,2024-03-07,ADV044,Maple Branch,1
2673e4ef-d22c-4c5e-9920-0e6545b5aa06,2024-03-12,ADV003,Cedar Centre,1
8c7cea53-fef9-4fd7-a022-8feb3b56f510,2024-03-29,ADV022,Pine Plaza,1
a6c360c5-4312-470b-be64-ab40eb8bcf71,2024-03-09,ADV008,Oak Office,1
bcec3847-d4a2-47c5-ab73-a50868321c1f,2024-03-24,ADV006,Maple Branch,1
a6bcbf2c-bc6d-4155-85b4-dfc56cb4af2a,2024-03-06,ADV025,Cedar Centre,1
466a8b40-9880-4c12-b974-6f802c674a31,2024-03-25,ADV011,Willow Way,1
359b752c-49f2-4605-8f46-e4d5fd64082b,2024-03-31,ADV008,Oak Office,1
9ace6551-5515-4a46-96ea-558271c95b77,2024-03-08,ADV011,Maple Branch,1
543e6dbb-32ae-407c-a465-610f2866683e,2024-03-20,ADV049,Willow Way,1
76599870-f025-4b5c-9adf-46c0d2b0f454,2024-03-06,ADV068,Willow Way,1
1b27d2a2-e244-49a0-b9ec-f43fe4a0aa4d,2024-03-30,ADV050,Birch Bureau,1
48c6c126-4d7c-4c41-a2a0-0378a1c85dd7,2024-03-17,ADV024,Cedar Centre,1
8a787f52-988f-4c1e-8257-d57dd282753e,2024-03-18,ADV058,Pine Plaza,1
da36b2be-b054-4dac-93b6-ce1239588d91,2024-03-30,ADV029,Cedar Centre,1
9fcd44dc-c100-4296-b342-42e7e5bd060a,2024-03-10,ADV035,Maple Branch,1
1c920244-e108-4897-971d-05f2309aa6a8,2024-03-31,ADV053,Oak Office,1
188432bf-a080-4f6b-8406-c4133b8a39c0,2024-03-14,ADV010,Oak Office,1
6a117229-4cb7-4417-a58f-b49f62962aea,2024-03-08,ADV063,Maple Branch,1
fc7f95bf-b547-468f-a54a-10303bcbde35,2024-03-30,ADV001,Birch Bureau,1
7120aa0d-9fe5-4961-9d1b-8c3a13b7514f,2024-03-30,ADV058,Willow Way,1
d7f7dd4a-7c7b-488a-a3d0-ed9eaaace988,2024-03-01,ADV063,Oak Office,1
83511f3b-459f-422b-998b-4c286611eb53,2024-03-08,ADV048,Pine Plaza,0
5c469749-3cd1-4b31-8472-baa088681c70,2024-03-18,ADV031,Willow Way,0
d2949ddb-facb-4fab-8e16-71c8eea9dc1a,2024-03-26,ADV017,Oak Office,1
6789102a-3a54-452c-a749-57455699ef20,2024-03-07,ADV070,Birch Bureau,1
f3c50ab0-3784-40e8-8b8b-1d7128baec9e,2024-03-28,ADV072,Maple Branch,0
3d1f39ad-dd75-4cfb-b6a8-7d4c0831401a,2024-03-10,ADV057,Oak Office,1
a548fdd0-9335-4194-9ff3-f48e8b188b76,2024-03-30,ADV024,Pine Plaza,1
0be50607-c0b1-4f83-8272-f7e5e7e71505,2024-03-28,ADV041,Willow Way,1
5e14e68b-d321-480e-bce2-787c722309b7,2024-03-29,ADV025,Willow Way,1
14ffeead-7544-4473-b9bd-ae7d3caee5e4,2024-03-05,ADV037,Oak Office,0
ac3966f6-5199-4804-a261-0d3f9e11a476,2024-03-25,ADV041,Willow Way,0
87dff359-edd6-4ce1-999c-ee5e7940ee4d,2024-03-09,ADV055,Oak Office,1
eb50e644-2417-4912-877c-b6316068c5d7,2024-03-20,ADV068,Birch Bureau,1
cb59a983-7e8e-4909-807c-d0b5898f9214,2024-03-11,ADV041,Willow Way,0
8c3d5bb3-88d3-4f87-9576-cc2d0c8ee4b1,2024-03-24,ADV023,Birch Bureau,1
22ceccd9-42c2-44c4-b8c2-818718747407,2024-03-19,ADV029,Pine Plaza,1
eb6663b1-221a-45a8-9595-f2c963c5b1ac,2024-03-02,ADV022,Willow Way,1
44308226-a91c-4ea9-ae7f-b0f18b7c7809,2024-03-02,ADV050,Willow Way,0
216abc14-9e48-461e-95e7-e0856066c71d,2024-03-30,ADV027,Birch Bureau,1
2d3e7770-5484-4aee-aefd-28ff45dcae59,2024-03-25,ADV073,Pine Plaza,1
dc9dc66d-38c7-41af-9e6a-80944bd62949,2024-03-05,ADV006,Cedar Centre,1
c11e1cd2-65c3-4b89-82e1-ef8b94f8c04f,2024-03-24,ADV058,Pine Plaza,1
15c7e62a-895a-47ec-99ac-425c886a3240,2024-03-23,ADV012,Birch Bureau,1
6f87ef9f-5101-4bc6-abe7-2d054010aa15,2024-03-05,ADV025,Cedar Centre,1
be409087-ea0b-4036-b5d1-ab8e8cc9e1a9,2024-03-25,ADV048,Cedar Centre,1
a6a6f211-e453-4be6-ac96-86db96a4edbe,2024-03-20,ADV064,Maple Branch,1
31ff438c-4fd1-47e2-9167-f37dd466399c,2024-03-04,ADV015,Pine Plaza,1
7cc966ad-67df-41b6-aa3d-34cb19d770cf,2024-03-23,ADV041,Cedar Centre,1
e7159dcf-e5ea-449c-85d5-e535ec460b9a,2024-03-25,ADV019,Birch Bureau,1
0aea2de2-20d1-41f9-bc2f-23fe273847f3,2024-03-31,ADV062,Maple Branch,1
9994dac6-1a09-455f-a2d0-948c3b59de94,2024-03-01,ADV045,Willow Way,1
b1943559-d2a3-44c7-91c2-f4296d5321bc,2024-03-21,ADV052,Oak Office,1
90189db1-0c44-4441-a3d5-2acd54adee14,2024-03-11,ADV069,Cedar Centre,1
217fbcde-dfa9-4f21-840b-52ad059ecd51,2024-03-18,ADV068,Willow Way,1
46086562-3807-4d59-9b8b-2b18de038ea1,2024-03-22,ADV011,Willow Way,1
2a313730-a12c-428a-b2a9-c94384076064,2024-03-19,ADV063,Pine Plaza,0
0444a381-3365-4ce0-8096-706607f33cd1,2024-03-13,ADV059,Pine Plaza,1
861728b4-fbc9-4b36-801b-42a560ad78ed,2024-03-16,ADV070,Maple Branch,0
df6b40d5-4166-4af1-8ccd-b8bb3d43748d,2024-03-25,ADV059,Willow Way,1
d1e57ff7-5c35-42f2-a69a-0760b9320a9e,2024-03-07,ADV057,Pine Plaza,1
e9253d2d-5e27-4c94-a88c-ad2a5b9852f9,2024-03-02,ADV047,Pine Plaza,0
08191ecc-2c39-4868-a99b-87d5d0e0b4e5,2024-03-13,ADV022,Birch Bureau,1
f3f810f9-4615-4f94-b708-de0845310b6c,2024-03-06,ADV008,Birch Bureau,1
dcf1e4c5-ad56-472b-9b83-128e84314aa9,2024-03-29,ADV004,Pine Plaza,1
f660a2fa-5461-47cc-afbe-3d0a1384e346,2024-03-19,ADV059,Willow Way,1
f0dfb4ed-0d2d-4b8b-9a82-ae1e09f956dd,2024-03-09,ADV057,Pine Plaza,0
407a6c45-aec5-4a3a-86d5-5c571b2340d7,2024-03-05,ADV029,Willow Way,1
9a64530d-9135-457b-941a-ed3a5acbd95f,2024-03-21,ADV030,Birch Bureau,1
062d5a0e-13a8-4bbf-97d1-44789a5e49e8,2024-03-11,ADV063,Birch Bureau,1
31edd8ae-05ea-4a2a-ac5a-269c62925d4e,2024-03-07,ADV051,Maple Branch,1
fb2e7b51-bdca-434a-b87f-416e4954ea28,2024-03-09,ADV075,Cedar Centre,1
12d1129a-59bd-4e65-a763-ba942d076789,2024-03-04,ADV075,Birch Bureau,0
daa378c8-cdd4-44a8-85ac-217b8f192e42,2024-03-03,ADV020,Maple Branch,1
d236c040-55f8-4cef-935e-a99c471622d6,2024-03-14,ADV060,Oak Office,1
b6bdf636-c54a-45a2-9ec1-b8a93c29284f,2024-03-26,ADV046,Maple Branch,1
e6b15825-48ee-495c-bf98-ba4f208914ce,2024-03-02,ADV045,Oak Office,1
2d14929a-d8ca-4303-bc93-4d7ff4e33d10,2024-03-24,ADV036,Oak Office,1
be271483-e116-4351-90b3-027e09e85cf2,2024-03-28,ADV045,Willow Way,1
9947003b-a594-4a1f-9f2d-630310aef3c8,2024-03-10,ADV060,Cedar Centre,0
02edbc1a-12dd-44e0-ac77-509dcd435638,2024-03-07,ADV001,Oak Office,0
2ba7e995-840b-4171-9b7c-696ad1f82903,2024-03-31,ADV027,Birch Bureau,1
438d0c47-b764-463f-84c6-03fac08c2bfa,2024-03-17,ADV037,Maple Branch,0
a0c70378-7999-4cba-a59d-3574f54a97d2,2024-03-22,ADV020,Birch Bureau,0
412a845e-6ff8-411d-b178-c5bac595d15c,2024-03-13,ADV060,Willow Way,1
3ae6da60-83fc-490b-ab81-dd6ff035716b,2024-03-08,ADV040,Maple Branch,1
e97d4fdc-8676-476b-8843-a966f863ed59,2024-03-20,ADV071,Oak Office,1
0e8e9d9f-22af-4d64-be51-0f3bbd7fdbfe,2024-03-28,ADV002,Pine Plaza,0
78b42772-2699-4436-a87e-ffd25f1a5ec5,2024-03-05,ADV026,Cedar Centre,1
b16354e0-4d0e-4874-8b0c-5a3372564fee,2024-03-13,ADV046,Cedar Centre,0
c5abd03d-395a-4f7a-b487-b6a3e0d7a214,2024-03-01,ADV006,Oak Office,1
1f087e45-5f4c-442c-8b19-3b731f8d5818,2024-03-14,ADV070,Cedar Centre,1
4ab9d7c0-5fe9-42b2-a4bb-75c5a48f0842,2024-03-22,ADV057,Willow Way,0
2f68be8b-e033-41c9-ad36-8d44546bfad2,2024-03-06,ADV040,Maple Branch,0
f7e4fadf-d757-4d1d-b344-5499b12268e7,2024-03-18,ADV049,Maple Branch,0
8cfb8196-126e-4f46-b49f-d30c2345aa5c,2024-03-15,ADV064,Maple Branch,1
1a65cc55-abf4-44ec-9966-ea8cb8ee7dde,2024-03-13,ADV016,Maple Branch,0
5b1c14dc-1076-490d-8c22-90d73ea455e6,2024-03-11,ADV016,Willow Way,0
220566e8-22eb-4403-9b70-a105e9024754,2024-03-05,ADV028,Pine Plaza,1
6aa3aef8-979e-4458-b73d-4dc3a4c13088,2024-03-22,ADV063,Cedar Centre,1
3b62ed56-54ea-40d8-bd2f-4af5b6d4ab8a,2024-03-25,ADV067,Willow Way,1
589d70d3-94a6-4ecf-b4b2-cfc11e987195,2024-03-09,ADV075,Willow Way,0
5212f607-d7b7-40f5-8aed-c6c802ae3286,2024-03-04,ADV045,Pine Plaza,1
3df00f0f-5946-42eb-88f9-8de3684800e6,2024-03-24,ADV056,Maple Branch,1
3b3e0c95-ce14-4622-9e63-ad3618634c04,2024-03-10,ADV047,Willow Way,1
bd8ce763-2460-4c59-b790-926b31ff6a25,2024-03-05,ADV007,Birch Bureau,0
c683166d-4b2e-4328-8462-d5a5bf2c0429,2024-03-25,ADV043,Birch Bureau,1
9fdfaa38-b56b-4195-81bd-512b08ddb230,2024-03-22,ADV051,Cedar Centre,0
9268ab79-9412-4f08-9c05-74fbc1fd521e,2024-03-26,ADV033,Maple Branch,1
9d5aed14-4fcd-419e-bd36-e9dee0cb68ac,2024-03-28,ADV015,Cedar Centre,1
ac2f1a93-6e98-4466-8988-251c229d3491,2024-03-09,ADV056,Birch Bureau,0
ede6329b-43ac-4e8f-b82e-351f21b13853,2024-03-30,ADV003,Birch Bureau,1
7fb35133-7a4e-462c-b5fa-6c2fbf27ada7,2024-03-27,ADV074,Willow Way,1
d1287069-2b60-47fe-a8f1-771bd71ceb0b,2024-03-31,ADV031,Pine Plaza,1
4b5482de-b4cc-4758-b785-c40ab61a46ee,2024-03-23,ADV069,Oak Office,1
105e2128-c9a7-4fc9-b601-ee8c7bce5fa2,2024-03-06,ADV046,Willow Way,1
9ce310d8-452d-4e26-b757-249bac0af30c,2024-03-16,ADV059,Birch Bureau,1
ae428dba-f9eb-4433-a3cf-1a052afdabbb,2024-03-09,ADV074,Willow Way,1
813b02b3-129b-4909-ac94-5862259fe4e7,2024-03-15,ADV038,Pine Plaza,1
541ad6e2-1c28-49ef-929c-3cdc77e5e85b,2024-03-14,ADV071,Birch Bureau,0
6bf22b16-21d0-440e-b14c-46b7399efc4a,2024-03-08,ADV054,Cedar Centre,1
ee5d21e4-2912-4f8f-8acf-f1a9ac32939a,2024-03-20,ADV037,Cedar Centre,1
567b9e62-9e28-4d53-b773-d479d4ab9b89,2024-03-17,ADV007,Pine Plaza,1
fb72df22-4694-4ba3-943a-52b471476cbb,2024-03-16,ADV035,Birch Bureau,1
633351e6-ca98-4e6c-a5ec-00839a7f63d5,2024-03-01,ADV060,Pine Plaza,1
0937abd2-ce8a-48a5-9652-5130daeb5e25,2024-03-25,ADV010,Oak Office,1
92c8e7f3-7810-4704-af95-da2fdd98582c,2024-03-09,ADV023,Oak Office,0
3d8dc385-461a-45dd-ae81-f5bf28c15866,2024-03-18,ADV036,Birch Bureau,1
201f95dc-0315-45e4-acac-ec2e3273cf58,2024-03-04,ADV028,Pine Plaza,1
7cfc8a0e-d831-406a-8e38-162ad020ce29,2024-03-06,ADV027,Maple Branch,0
f0565ce0-da7a-4a6c-9e7c-271d00be3b0e,2024-03-04,ADV029,Cedar Centre,1
1332d9bd-05e0-4c74-98fb-e44f19ea8bb7,2024-03-08,ADV046,Birch Bureau,0
320c63eb-639f-4221-b6ed-e9822e867147,2024-03-08,ADV075,Birch Bureau,1
e93b606e-86ff-47a7-a734-70d53a6d50a1,2024-03-19,ADV016,Pine Plaza,0
763bdac7-dfbd-46de-af89-9c0c862c74f3,2024-03-10,ADV075,Maple Branch,0
c2541a40-4b01-4c1d-8bbf-0edb919b8657,2024-03-12,ADV065,Maple Branch,1
01d1be1d-5d50-4876-9669-78608fefe201,2024-03-05,ADV008,Oak Office,1
0f552920-1d35-41da-b1a6-b94ef57b510b,2024-03-18,ADV038,Maple Branch,1
dea6ad4f-89f4-4507-ab60-f51835e63a76,2024-03-03,ADV035,Cedar Centre,1
8e735a32-01db-4b63-9dd7-45247c6a81a2,2024-03-20,ADV048,Birch Bureau,1
562e0174-6ad3-44a2-8b7d-12cd40f7f2fc,2024-03-31,ADV005,Cedar Centre,1
688b7ff5-52e1-4044-97e4-11a36d35ba28,2024-03-25,ADV027,Birch Bureau,1
873b9140-8b2b-43cc-b48f-32c080e152bf,2024-03-20,ADV017,Maple Branch,1
e0642069-b248-46fe-ad43-c31b55d1940b,2024-03-18,ADV031,Birch Bureau,1
3890b797-f123-40d1-bd78-c0adb5e51c0e,2024-03-13,ADV044,Willow Way,0
e8d5c022-7ba8-4385-9264-553bb5dbc9fe,2024-03-12,ADV010,Willow Way,1
877d9d76-b2fa-4360-a67e-cb4b01e2c212,2024-03-02,ADV009,Cedar Centre,1
0d59c041-1256-4a02-bac9-471a3874933d,2024-03-10,ADV041,Maple Branch,1
424f545d-5018-45b3-886b-cb3837100604,2024-03-06,ADV043,Cedar Centre,1
48302bb7-cf26-4cc9-9a50-4045b6fef06f,2024-03-12,ADV013,Willow Way,1
a6939f6a-714c-4242-b3d2-e28f0bac2375,2024-03-19,ADV015,Pine Plaza,0
3a3481d6-d1b8-45f7-8df7-3bf3f6117235,2024-03-29,ADV016,Birch Bureau,1
16c11a27-2323-419a-8c53-cf59f95c9de3,2024-03-24,ADV013,Birch Bureau,1
56a27d6d-de88-471c-9177-8b20ff75b459,2024-03-22,ADV052,Oak Office,0
4024b449-a461-4983-904d-9a19fdfa5278,2024-03-07,ADV059,Pine Plaza,1
7b27cec2-ac1e-4c30-aacf-619e94bbc783,2024-03-22,ADV039,Pine Plaza,0
0e3b1e50-af6a-4b90-896d-772972666657,2024-03-29,ADV006,Pine Plaza,1
2ae8c1ce-9e55-4493-942b-c67cb0bb4cc1,2024-03-21,ADV064,Oak Office,1
56b8abcf-4c85-4405-8097-4e793aa538e3,2024-03-04,ADV016,Cedar Centre,1
e389b670-bb2c-4506-ab37-5dd64ed965f0,2024-03-19,ADV031,Maple Branch,1
bc36a6f7-fc6a-4471-bb65-0b77559df11d,2024-03-13,ADV036,Oak Office,1
2a1beea1-c2b4-41bc-a429-fcbebbdeec2f,2024-03-29,ADV027,Willow Way,1
75e6e6f3-632d-49ef-8134-e8c22cf9651a,2024-03-12,ADV051,Pine Plaza,0
24525996-17d2-4a34-8843-56f5119ed560,2024-03-08,ADV072,Cedar Centre,1
a5f0481a-53a3-427b-a12f-2a2527ae2a04,2024-03-19,ADV012,Willow Way,1
30f8ee78-157e-4121-8a9c-1b75397a62a1,2024-03-06,ADV036,Maple Branch,1
9de2c65b-f53e-4fbd-8a1c-eabbb2c2415b,2024-03-28,ADV055,Oak Office,1
646d52c5-de05-4435-b881-c23327f26602,2024-03-13,ADV030,Maple Branch,1
0ad3a8ac-a742-49ac-83c0-65ba0b608078,2024-03-24,ADV075,Cedar Centre,1
4d26cfa0-14d5-4c4f-b12c-ca1e5801981e,2024-03-18,ADV013,Cedar Centre,1
dec20e99-26c9-441b-884a-dc4faa657610,2024-03-15,ADV025,Oak Office,1
e2001323-c68f-48b8-a004-cc37760dbc8c,2024-03-30,ADV070,Willow Way,1
227499d7-2e0a-4217-bbc8-953dc546aa13,2024-03-13,ADV023,Pine Plaza,1
598f6e88-24b8-4324-b9f1-83b2f230978a,2024-03-30,ADV047,Maple Branch,1
b49f5bc0-2ad4-48f1-8533-f38f779eabb8,2024-03-27,ADV045,Maple Branch,1
2ff0cbe8-a502-4a99-a4d4-20c2414c62d2,2024-03-27,ADV003,Willow Way,1
9a16a613-44fd-426c-b657-8b0bac6952f2,2024-03-12,ADV032,Birch Bureau,1
573ff6d4-b904-428f-9f76-56a75df5f54f,2024-03-07,ADV008,Pine Plaza,1
e81eff96-0357-4487-8aeb-de70777b9971,2024-03-04,ADV015,Oak Office,1
54c61bf5-907c-4621-b6d5-878329e8f16b,2024-03-06,ADV074,Maple Branch,1
010b1d8c-e5a5-4444-84a3-ff9f028c8730,2024-03-18,ADV048,Pine Plaza,1
2dd6766a-bcc9-4219-b463-951da56b60ba,2024-03-19,ADV060,Birch Bureau,0
4e380fd0-6198-4708-bc4b-06b8eadba53c,2024-03-10,ADV018,Willow Way,1
97535bc7-5b04-4335-864a-2f09cf08083b,2024-03-10,ADV031,Cedar Centre,1
b745cc49-409b-4194-90e4-aba8b78bb8bd,2024-03-10,ADV001,Oak Office,1
f82185d4-1b5a-4e02-a92e-ad5810136838,2024-03-17,ADV031,Maple Branch,1
8ea0dfc4-0771-4642-b4fa-f3d4175a1cc2,2024-03-04,ADV023,Cedar Centre,1
7d803613-dc0a-443e-9801-e8209f492ec0,2024-03-22,ADV024,Cedar Centre,1
9ab931eb-fcb0-44a4-9b6e-cd19acfacbf2,2024-03-21,ADV054,Birch Bureau,1
32877383-3b15-47ae-aaf1-0891500c8a73,2024-03-06,ADV014,Birch Bureau,0
9ca75ea4-2197-450b-a686-e481c90e92fa,2024-03-17,ADV065,Birch Bureau,0
81e9025e-5fae-457e-af75-eb9487c6f734,2024-03-22,ADV011,Birch Bureau,1
3141dff8-98db-4f9d-8348-81b406055a8b,2024-03-19,ADV012,Pine Plaza,1
2843e5a7-1d69-4432-85b8-1724b1836ac0,2024-03-17,ADV013,Pine Plaza,1
e7b2891e-462b-4659-ac43-2d07d4d06197,2024-03-22,ADV033,Birch Bureau,1
740d9b03-c390-43a1-b7e8-ec2aede24c32,2024-03-02,ADV003,Cedar Centre,1
87c941b4-ffc3-4a36-b111-ee3109325ac2,2024-03-09,ADV058,Maple Branch,0
eac052f1-08ee-4a82-a0ef-72f2a4d7c994,2024-03-25,ADV071,Pine Plaza,1
91b1618f-b6ca-4695-9b72-1c6a51699b8b,2024-03-25,ADV060,Cedar Centre,1
ae532d5a-8c66-4158-9f53-35c9df587e10,2024-03-05,ADV008,Oak Office,1
15ca3306-5956-411f-a338-0aa5e17d3041,2024-03-12,ADV070,Pine Plaza,1
f191e20f-d5f0-43aa-b19d-2a8aaf4740f6,2024-03-26,ADV055,Pine Plaza,1
a8331208-3634-4cb8-8377-319ab8147093,2024-03-31,ADV024,Willow Way,1
d2707d22-d88f-44ac-a7fc-4d25ea45dc50,2024-03-02,ADV002,Willow Way,1
e15b3148-6102-417c-a1d2-c6c7a47dc80e,2024-03-01,ADV068,Willow Way,1
46fa52a7-c5b8-4a34-917c-ffccd9c5a8a8,2024-03-02,ADV040,Birch Bureau,1
4867444b-c307-4874-9950-1229de0516a2,2024-03-28,ADV037,Pine Plaza,1
9903f272-f36b-40de-b1c3-cb68465fba67,2024-03-11,ADV043,Maple Branch,1
76732ccf-1940-44d1-8a05-3f0503f5bbb0,2024-03-07,ADV073,Cedar Centre,1
36fbfb14-2af8-4073-ad2c-51219364b43f,2024-03-16,ADV063,Pine Plaza,0
56602520-1cf3-461f-9c55-d7ebea802778,2024-03-20,ADV023,Oak Office,1
427ce080-88d4-43aa-9ee6-344c43b9dabf,2024-03-20,ADV043,Pine Plaza,0
80639078-18f0-4a76-a1ce-88749626d618,2024-03-24,ADV038,Cedar Centre,0
e2989d12-05b7-4e1b-84ef-493a22b7293e,2024-03-17,ADV029,Cedar Centre,1
35a93f20-2713-4e88-8073-69c391822f7c,2024-03-25,ADV006,Birch Bureau,1
4366a375-b88d-4883-acff-5802b3bc684b,2024-03-28,ADV012,Oak Office,1
0c3d1d28-017f-49e3-9875-16cc96765924,2024-03-19,ADV068,Oak Office,0
afa5d8b1-5ea1-4b9e-953a-4e61f5fce80c,2024-03-01,ADV016,Cedar Centre,1
5c494093-d5a5-4239-b712-dea78657ec72,2024-03-04,ADV073,Birch Bureau,1
351d83ac-9361-4b60-b245-9904fbc31b28,2024-03-19,ADV054,Maple Branch,1
667a9a1f-9bf3-47d2-8e11-ea1430d10045,2024-03-18,ADV030,Birch Bureau,1
324284b4-0197-4ad3-a349-798ff50396b7,2024-03-23,ADV010,Oak Office,1
defef524-9589-453d-b4f2-6e6610553f0e,2024-03-21,ADV011,Oak Office,1
2c9980b6-d4f7-4f57-8729-9c96a6476fcf,2024-03-09,ADV013,Birch Bureau,0
2bd8b0d3-1763-462d-bd60-db16d49069bd,2024-03-22,ADV071,Birch Bureau,1
4d146a26-2256-403b-9333-5966d02baf60,2024-03-27,ADV039,Maple Branch,1
87595a85-c526-4f4d-9441-5b9105c1b764,2024-03-09,ADV030,Oak Office,1
95cbb2c5-8094-4ba4-9e12-a6e19e1aaab5,2024-03-13,ADV021,Oak Office,0
df766f70-ea06-45ec-b574-1ed1bf2c3312,2024-03-23,ADV054,Maple Branch,0
8f4fc476-4825-4185-9822-a89273b04510,2024-03-19,ADV041,Maple Branch,0
74612120-c04d-4b81-b5b9-8da92225f589,2024-03-23,ADV008,Maple Branch,1
dac245b0-cf20-41c4-9123-72cd727be0de,2024-03-26,ADV062,Birch Bureau,1
d22447da-a14c-4ccd-9f4f-2b2241dc70a4,2024-03-14,ADV073,Birch Bureau,1
e5003f65-4274-4d58-84c8-78e6ce87e3d4,2024-03-11,ADV061,Cedar Centre,1
8e20d014-5740-4180-a6f9-a9a193c6946a,2024-03-23,ADV022,Birch Bureau,1
4853a316-cda5-4b8f-bd6a-90bde57f28f9,2024-03-09,ADV048,Birch Bureau,1
fc9ac6d9-0ed3-4f2b-aabc-be0d77c49d54,2024-03-17,ADV014,Maple Branch,0
bca9111d-5c42-4172-a33c-bf8901fdec00,2024-03-15,ADV039,Willow Way,1
9333e718-6227-4f86-96d7-9469ea8b38b6,2024-03-24,ADV051,Pine Plaza,1
c009d07c-01d9-4f96-a54a-e19ea29e390f,2024-03-21,ADV050,Cedar Centre,0
802d8ccc-5de6-4755-b16e-9f869c38f276,2024-03-05,ADV049,Birch Bureau,1
232284ec-38a6-43ee-b9b4-b24ca8ac0f8e,2024-03-11,ADV073,Birch Bureau,0
418beadb-401e-4a0a-bc16-193756b2b3f9,2024-03-10,ADV012,Maple Branch,1
af2b78ea-126f-4fed-aa5a-ce9fa911c61e,2024-03-15,ADV062,Oak Office,1
3d143b2c-9b6a-46be-bd36-411aaa562742,2024-03-21,ADV012,Oak Office,1
4c955d9e-0613-4bc6-871b-c7892c147651,2024-03-07,ADV060,Willow Way,1
2225d993-5b3d-4cdd-8a9c-7de82073302d,2024-03-11,ADV074,Oak Office,0
adec3fa2-5015-47ff-861e-45614c3fc037,2024-03-20,ADV068,Willow Way,1
c1303bdb-bb3c-4712-9d0d-f0cdda150faa,2024-03-04,ADV067,Maple Branch,1
f49a9232-0cf3-4b6d-9456-a09f5947f25d,2024-03-10,ADV006,Willow Way,1
6056a189-872f-497c-b103-fcc614c189eb,2024-03-18,ADV034,Pine Plaza,1
c1f58649-fea7-492e-bc64-28b1c717d412,2024-03-25,ADV019,Pine Plaza,1
b6f3db03-e795-47ed-8535-e12755cc596c,2024-03-27,ADV017,Oak Office,1
0f95da3a-d092-41bc-b913-9c0f3c02e1f5,2024-03-07,ADV046,Willow Way,0
2659f89b-5531-49ba-9160-90cbcd74b405,2024-03-18,ADV015,Cedar Centre,1
790b10a2-5890-4f57-9c78-d9497e93b0f4,2024-03-02,ADV013,Maple Branch,0
2ff82c35-3687-48b7-ac3a-591756564605,2024-03-29,ADV031,Birch Bureau,1
7f707891-8bb2-4928-a477-35b8fa7498a6,2024-03-03,ADV049,Willow Way,1
069d87e1-005c-48f2-9354-3edaea656d08,2024-03-27,ADV033,Maple Branch,1
69bd1f66-e360-4914-9cc4-f116f9657fd1,2024-03-03,ADV064,Pine Plaza,1
2322ab24-35d6-4a6e-9632-6b15ac210fac,2024-03-13,ADV007,Oak Office,1
2b703856-1522-480b-a257-a7154621e72c,2024-03-19,ADV049,Pine Plaza,1
906dc8df-9369-4cd5-a612-1dd8d0dec187,2024-03-27,ADV052,Cedar Centre,0
6d7627ff-7922-4996-842b-8d45bdc592e4,2024-03-10,ADV012,Oak Office,1
5ca384a4-8427-4b5b-9b53-c2565eea6bc1,2024-03-05,ADV058,Cedar Centre,1
1171c168-0f50-4fa2-8a02-cc853c989139,2024-03-13,ADV066,Oak Office,1
08a25a7a-8280-43c9-aed7-754871524d34,2024-03-23,ADV024,Birch Bureau,1
95299361-82f9-41bc-875b-6659c5b37591,2024-03-29,ADV025,Pine Plaza,1
f8aa0f7f-cf9e-4695-9c16-7469d16dd16c,2024-03-28,ADV064,Cedar Centre,1
10856f9c-1540-4e5d-b6f6-dcceec29b20b,2024-03-25,ADV007,Maple Branch,1
54b64644-8a27-486b-89ac-ab8de069577c,2024-03-21,ADV038,Oak Office,1
2cda3072-bcab-4536-a333-7260fcd48fe8,2024-03-04,ADV001,Pine Plaza,0
49e4e576-fe03-4be3-9827-147038d8853e,2024-03-12,ADV003,Cedar Centre,1
f16958c0-0ed5-49cc-804c-8286001ec943,2024-03-18,ADV027,Maple Branch,1
81cb7eff-8885-46b0-9fa0-cda19d5d42d1,2024-03-18,ADV030,Cedar Centre,1
1dffd940-df87-49fd-bd4f-eff6f88eca05,2024-03-01,ADV049,Maple Branch,0
be800e9e-4355-4e50-b4c1-b04fb97f3282,2024-03-13,ADV016,Oak Office,1
f7e1098e-63c9-4ed3-9924-a5f402feabba,2024-03-15,ADV019,Maple Branch,1
91805ef6-7b05-4160-a64d-cdde95d4b447,2024-03-28,ADV054,Oak Office,1
4c0ae666-c3be-4b76-ae3b-626457ef4a8c,2024-03-11,ADV033,Maple Branch,0
d4f07fe0-65dd-4f66-8426-95c3d3ee87d8,2024-03-03,ADV061,Cedar Centre,0
a67f1fee-d1d4-4697-a598-8ab492ada1f0,2024-03-09,ADV007,Willow Way,1
f91ce3d3-00fe-4de3-a204-efc45cbcbea0,2024-03-02,ADV025,Cedar Centre,1
bbd1f241-b392-428a-ae86-954dbd056831,2024-03-14,ADV055,Birch Bureau,0
2f228a1a-594e-4c9d-9f19-0a5c7c8390f7,2024-03-22,ADV061,Birch Bureau,1
36d90d9a-9b67-49f7-9270-53704fd8b112,2024-03-07,ADV019,Oak Office,1
23a17658-b95f-4372-a2be-433cbb5b5371,2024-03-08,ADV014,Oak Office,0
9bf6d7ff-0dd2-4af9-ad25-868023fd1cff,2024-03-13,ADV039,Cedar Centre,1
2419b01f-e150-4359-953e-670d57369599,2024-03-16,ADV025,Oak Office,1
e6fcbb9f-127f-45c1-8c6f-a6d402067c11,2024-03-06,ADV057,Willow Way,1
6c5b5776-7b57-48c3-942c-e44d9d92ce2f,2024-03-04,ADV023,Pine Plaza,1
f52c301e-19dc-40a7-9430-71d2cc167657,2024-03-06,ADV061,Maple Branch,0
c6f9de93-26ca-4138-9180-1df2e20687e0,2024-03-29,ADV010,Maple Branch,1
fd731e78-3966-49ec-bc9a-a96dae5bdd8d,2024-03-12,ADV073,Maple Branch,1
b3eaadc0-f4d7-487a-b93e-05ee8c50c12b,2024-03-28,ADV005,Pine Plaza,1
042cabb6-dff5-4ec3-b9fa-d95a747d71dc,2024-03-23,ADV049,Birch Bureau,1
0ab13e54-19f2-404c-8011-56aa34e5f2c6,2024-03-25,ADV018,Oak Office,1
dc22833a-03e2-4786-8237-37c09d8af5f3,2024-03-15,ADV026,Willow Way,1
e4e2c061-8f99-4716-854a-30b076156cc9,2024-03-11,ADV034,Pine Plaza,1
9dd61227-5c4b-49a7-9a95-fdb232ecda3f,2024-03-09,ADV014,Maple Branch,0
587246e1-09fa-4b23-a8a0-29bb5c6ea4cf,2024-03-31,ADV014,Willow Way,1
66f7c950-90b9-4b29-89ac-8805e01678c0,2024-03-08,ADV046,Maple Branch,1
2aa87fb7-fc78-45d7-bb86-45f2c10b3ac2,2024-03-13,ADV045,Maple Branch,1
0029a60a-0aa5-4315-9466-9cc9fcfa4398,2024-03-16,ADV005,Oak Office,1
8a347227-8124-4eba-9696-3ab16b122dc3,2024-03-03,ADV015,Cedar Centre,0
66236e22-dd9f-4094-9ba5-1f8b9f4ba368,2024-03-11,ADV049,Cedar Centre,1
ca674303-2dc3-4830-ab3e-a22ed03601e0,2024-03-04,ADV059,Maple Branch,1
931a1974-c358-4f67-b863-d2fb5aa2172e,2024-03-13,ADV047,Willow Way,1
0127eca1-8ac3-4ff0-b22f-ea2f88488c51,2024-03-08,ADV073,Birch Bureau,0
f32ee4f8-9930-43dd-ac12-86e36b90702f,2024-03-04,ADV046,Pine Plaza,0
4fa60bcf-91a2-4c5b-ba82-c95624a40d43,2024-03-22,ADV031,Birch Bureau,1
1a8d6159-270f-49a6-b5a5-4a27faec9094,2024-03-02,ADV014,Oak Office,1
6e72a212-6b11-4031-ab20-b812691bbea7,2024-03-16,ADV012,Willow Way,0
b5b77cab-930b-4ec1-a9bb-af0bdc4a5712,2024-03-25,ADV052,Pine Plaza,1
ee6c5402-1a7c-46f2-82d1-481fa44af28d,2024-03-07,ADV058,Oak Office,1
1eeb13c1-3e50-4459-963b-3e95a7886953,2024-03-22,ADV015,Willow Way,0
c8f20717-5413-4c58-ac4b-373f3609d5a0,2024-03-13,ADV036,Willow Way,1
30498560-58e6-4edd-af75-91c66a39cd62,2024-03-12,ADV021,Maple Branch,1
d223c8b4-42a9-427b-958f-6bf2d2e02fa3,2024-03-07,ADV036,Maple Branch,0
be72e454-492c-4e06-acbb-b17564a279ce,2024-03-11,ADV057,Birch Bureau,1
3abe083f-17c3-4331-8059-12968fb08904,2024-03-14,ADV031,Oak Office,1
b9c84620-db38-49e7-96cd-85cf5c1f975e,2024-03-14,ADV041,Cedar Centre,1
5e413a30-1bc6-41e1-8a78-f5e7e94eb74a,2024-03-01,ADV057,Oak Office,1
b851557a-0034-43e9-a490-dc2a6273e3ed,2024-03-08,ADV018,Cedar Centre,0
08b9f3cd-decf-460f-a0a9-a0f43e81fd19,2024-03-20,ADV043,Maple Branch,0
1c52f39f-490f-4ffa-ae43-0cfbcd803423,2024-03-17,ADV052,Willow Way,1
e37683b8-a957-45d8-bfe5-83cb4573c7e5,2024-03-03,ADV059,Birch Bureau,1